000deb040f838709a45cba1e5dc11e9896b45ed5.mp3,XOCQBHA3
002bb913f6d2c1e04d88afd94612bf8aa3e6af78.png,BDDJEOZY
00617b483a4b0bc66f408062c9907f6e43de845f.png,WOEXYL7Y
0069c3302188de24d1a77a1b5c7f89503e464e86.png,3GP8QZPK
0088695e7394a14c0bd4e4b381296f8cf85bbe6d.mp3,MK8HDXJS
00a246a1b85d2ef933fb96fb6305be353c2c514e.mp3,EIF4E3R1
00bcedeb5182d0c649a730d94376900ef7a8cb82.png,WA2P9L7N
00ee4754a6017df6ad6067f671e5d9ad66e80b9b.mp3,QVVH6GUF
00ef707fea7579dbb3f738f08157ace005682139.png,KQC4KLKY
0122d0c94e30399767b3e1fea8e952e87a377da9.mp3,VOMZUC02
012a74b7da516a4b021ff45e2535c3cae4d4cfc9.png,ZK9EFD2I
016affcc30fc3359d022ce31f99ed3feaab64676.mp3,5MG34F5T
01714a3682780944e18eb78229078c588c3e2f36.mp3,9AYMRWVY
01a319253a2c7679d29b02f82526ad253439fdd4.png,THRDB6H8
01ba81ca6430be77cb91a5675d5ac52486df21f6.png,KBEEMT14
01c012c7250935f238907feacd6ed4661aca1bf7.mp3,GQ30T377
01d3cfe25cfc7d1483aa48bd2652fc3f80110126.mp3,J2TS1XMP
01e8ef64ff244fc49cf5b9dd5cf61e48efabb45b.png,4LWYGSZI
02236d5370862a3ba46c99f2afcd397721bc1b02.png,5KZ0LU5L
02604fc45d89f6b067d2f213919fc09c1aa5d0a1.mp3,MLK9BFR0
027ce7591fb55d640e24f9889df277deafab1185.png,B0GUI698
02abb6019a75892ea4dde0986808188d3c48507f.png,ZNIM2R6Q
02cc1a515593e51bad5f22983485fbab5894dbd5.mp3,Q898G8NW
02f95abbadca6c7c4e1b574cbf98e0e61e7a25a7.mp3,6TPV4S5F
034f252b8780161e4a402e35f712aed320f88f9f.mp3,LFB2LRN5
03ed6002288a2f52a3919d89e5f7b52edbc3083c.png,7LPI9ZLA
0452d26f59d47ade6def4bc8dc6004a1c4a1427a.png,VYEYDX91
0457d30aba3f679bcc8860239c0d5e849e8e0080.mp3,MSBCN1KA
046ce69967ebc9679044cc5c76a8b152c77e67e6.png,DIOY4OI6
048206e4a4499bfcf9ba59031fa38e8d197a8b7f.mp3,I9MJ8XZ9
0498ff8ae7926a633f07b08cb0f43c84be8e7971.mp3,9K6ZAU2P
049f0685db44549e285b71651aff3f8423ac2273.mp3,MUJMS0P0
04af786203bd8305efe59a66b86016c855f07e47.png,JM84ET23
04bda04ebcf3e7e4634f6df8f225bfc566693f78.mp3,28LHNRNL
04f2bc63142c7afbcbac248500f3fbcfde852a76.png,KMXLQEYL
052ddab413ffd5e93d11c2a09fa82a43678a867e.png,DF9ZZ2CK
053dca3fa59105eb431bdd646c63490dfbe24f8d.png,GLN0HCSX
0547ab77a819f5d34f0d31e40d6ae22e086e17b7.mp3,957SSLAY
05a2f4def2b5d13287ea8eaa591867b9e10491cf.mp3,019MH7SF
05ad0a4a0b2ffc01d10c57459c884844dc8bfd3d.png,ZQ04L6H5
05db1fc122057e325fec62596a0d69ff06b3d070.mp3,0HN2NT0B
05e2c3a9c4942dc088b677050bb83307e4e21348.png,6DVQM9I0
064f127b0a231db2c7a0a663973247aeb7dd3324.mp3,0L0LWXYD
0657e0a0dc162803c4106da2d7c65723d67dba12.png,QIQZSVJL
0696916d814de7ba2661fd2463c02777d0baf583.mp3,6ILWZZY7
06ac2e58c8503202cc0900ee595767b9bf9d3fb8.png,ONQEMO5J
06b69262f0e65112bf82a44160a6d782464b9ad5.png,ZPEWR2XI
06e3ed4c044435b3a9df18acff66de8eae077a69.mp3,GHD5V8TH
070114c4d5a663e3e615d18bba477524c73459a4.mp3,3PUAB9FN
070192398010621bbc6eb49294d1affb2dc86e59.png,TYJ7KNN0
072898a7b11f4906d40725414d99d2f7321eb03c.png,A9GZVR38
0745b77c2d35246fcd33b3bec565fedc3dee1d78.mp3,1IT6THUW
0768da0ebbaa37fa716de1b6e1bd0eb692a5d9f3.mp3,07PWV6FR
07740bfe1b9bbb9b922400851716fa9613a65e93.mp3,IGQWSZ9B
078a6e58c7416a0c745607da57f9a4adda34fd58.mp3,Z64OM7JH
07a92577bf98580314436f1b5bca9f419a02d604.png,SBNVK4PM
07d9eb3874d1549bd593167497b5a978963144d7.mp3,U3WVZG05
07ee4a5c137cd371744d6250604e823593052092.mp3,DZ9J1DV1
081b4631eefe4378cf474baae2c2587da0f8abb8.mp3,XNL0FA5C
0826d6dba7b4740f293f42e3e5b29dd3eb073ba0.mp3,E8XZU2VJ
084431f73f85aacc5e22c0f881cc8e291a4faa85.mp3,SLI6E7XD
085aae60a7cc70c57423fdbe96a49678379754c1.png,35X6CFIW
086006f3b63b99e8bd6a611989eaa23e51e513cb.png,TJBUCOS9
08cd2a43dd31c6cbc11b91ddc79de218968f44d1.mp3,45ZN0OXU
08eba0df5f166c907a42c3b106dc768b1c9b551f.mp3,TEENBBAN
0972efcb46d5a7e65e24e87264bef85c4cbdf4ec.png,AAEIIB4V
099b74c7aefb256432c5b2b1c958a0d7dcfa904a.png,4N823LOK
09d1a6311c5a9a7f744ca21c56953c7bceaa42cd.mp3,T3G1XWA0
09e8700656daef0a446491b73b939966abeedac3.mp3,Y3EUQZIX
09ecb436af9f2c7d21fc80b1198594b15545b6ba.mp3,1UAEH605
0a21ee654b0c7693f8687f62b496752117e23e91.png,V89JEREI
0a4321567094a6de7cb41baf70ef7b9fdd1a8d02.png,EQVN8M0L
0a61b57567baaea12e9241a26d32c57c2d64666c.png,QWDYP9NZ
0a7811a0113b047089dbb45572f86b6d357e7513.png,M7WJ67HW
0aa5b251dfbe3968e0a101673283c93f0c369539.mp3,IDOJQQN9
0ab0e49d3e0b17776c73026ded048794517efcfb.mp3,KKGTGPLA
0aca596a7e2116a5943aae8667c7d2a70dba4cdf.png,H2KLZP60
0aed8f3bdc8fe26cea0daed02459b9dcab99c028.mp3,CPB1KYYA
0b5209c252d3e3172fd23ee3808b7057d4f6f4f4.mp3,EHU2CBC0
0b9d8dd7b335b7ebd39f7ff8b58f4f2d70bcb74a.mp3,PBF6CKQ1
0ba0f5d655456b689a9ca21acf8646d1aa5d6f53.png,WW9S03IQ
0bafb3a289c4673d553780939e6a345337f37571.mp3,GW2E2C0A
0bba7eda0108a018a126e02423383f5724167e4a.mp3,0MYOGJS2
0bd1f783a21b229d3fe24ba7d1e32ed9a3028c8d.png,XFRJ4XF5
0be893b32562f714367d57f9db2de2767f40a06e.mp3,Z3MLPPCW
0c3c8bc5a1f2a9d1a927e4d84a446b0c81aae8c3.png,2O3V01K0
0cacabf115208bec76b8c5162aae79c14962f239.png,9H7RP40U
0cc47bbf68087263c5018a4e53d2b01a8a4672d3.mp3,IHJOGUDR
0cf0d803800c278ecb7066e54f8256e5160a0da5.mp3,OD9OTVZK
0d069deaf89a2dedd4d56a9bfa37efc12f7ed4be.mp3,FQY34NUD
0d11514c326d8fd8a37ea27d92c3b4abc6e26246.png,4HRTKWMS
0d28a7cd69995b5b7ee3c183cf7248ac063e41df.mp3,MYMYHZ1K
0dbda019ae8df16ebe1f4f3acfa4f2816879e62a.png,NKWKUYIN
0e497ba207201319860a1f99c7bbf06ae4fddfb8.png,YXP9OFF3
0e5b620d9af138d09ebdab914cdfa8f5387ccf89.mp3,QU0M0NAU
0e770a5bdaf199b6c1f56ca299586eb68c174736.mp3,JMX2OKM0
0e7d9e40bbbb19bdd0df0e80c0b2026b25585a77.png,169VWWL5
0e84b74c40a395d534f970eaa0d859ebb5298ec5.mp3,O4NVI1JA
0ea0d41a29fd6e552296e1ccf29a0d0f46e6028f.png,J6NSGJ2L
0eb4633ddcd79c43c2c513631e667155428b46f0.mp3,RJ8Q5TXR
0ed3e1c6ef2b54367cc01f040a8740918812cf38.png,9T1P7O8A
0ee59b6ed1cd51d89d66b6b0c5772fa8af4b43d4.mp3,T9CNBLXT
0eff392067befd06f49a58c0a4bdc5b3f8e0c77f.png,8BBR889R
0f20655eeb42b6f87a35be4f429e242c430a94aa.png,YJY5H8SQ
0f82c4fdf59d204933c6752a519146da8f56ebb7.mp3,2LS3G7TY
0f88a727db0888f104e0bc75e7ccfbcdd27f5120.mp3,PJ1TVAA4
0fc5fa07367f8677f83c3f4ce24492bc422123c1.mp3,K7N84YI0
0fcf5cff51104c3fb891aed9d888621af5dec322.mp3,0SAVBYLX
0fd63378e06ebab298b2105f123fdf8543928f41.mp3,YNBQR6MZ
101bce353fdd249a5f776ec6ace0697c10d9ead0.png,GCN99J7X
10208fc8518449da31e6dd3c1ba7d319beda6cc5.mp3,3N40XEDA
105ce276af2a2af88ee89de2fc174bfb56a4b9df.mp3,MYUKUHJC
10799e16c8d3f65fb791cb1e4f87fc061181b030.mp3,8MMGYQZY
10ddc1f9aaa0b63b4c1796b4d90a0ab448ac9ce2.mp3,X4GUSUNV
110023d343f5c704cfe4a4458620a66af0d27aa9.mp3,TLK3SK35
11508759f754e2b6f7b8bf901dde90392fe5b61f.mp3,IQ8AZV2B
11b03c1fdd2d7b8d6c6d0423a81bc8393d260c90.mp3,V6M4X2B5
11c979fd656e1b88b5638bed8d7895dbb5912916.png,C7Y4996N
11f51f592c8651e48327ff9993c16616d896cfbe.png,F1MA1QHJ
12000543ab65171f68856e978ab839971bcc9c65.mp3,BJNGHOU2
1233a4e913c2e392f3a06f88203e9f5c359160f0.png,VCPID063
12365088d43686b14bb1e6c3961fb40ec6cb4ccd.png,78HGT3MW
12ab62b59b2d0d944849c13e9d278b803095db84.mp3,8PKHQJLQ
13a178ae121b4a1f28fa4540b4ed7b69c6926ea9.mp3,16VCN4EY
13d34022405a10bbb12db2a6c02b496bf503c5f5.mp3,YFN0NHH8
141911715fed6e2522a7c8bdeca4950a3c9ee1a9.png,P69ASRT6
145305f8954d493ea337d666613510d509d14ea7.mp3,PB4O358K
1464adc5aabe61c9b380d3d28d19898b8ff13e4a.png,QNWYI4FQ
14706e1d04ec24490e4045a0d1c5c5728ea6d7b6.mp3,TBU5RVZM
149cd456efbbb74caf3f923906ffd59a2639904b.png,PV9RIP84
14a7d2c1015f4d083c5eedd915044b815c5ab24e.png,EOWPW37C
14abb143613bd4ab23c8f41db086ebadc83b43a9.mp3,QMJOUKK9
14e22f92247136caa1c10ebc0361b8ee739966da.png,JD8Z0ZUT
1515c3d82f7cd0adb58f779b40f5246169e30c60.png,F4L3F7EI
153a2a8ea5c9f0ada79d61f05a2beb37f01b3b95.png,MNLGKGKS
15689a8c2e2eff57ff79407acbd4ae0e9fe8be05.png,WQJCROT9
15727ca1f9cdf5ccdbfbeadb436e70c904640078.png,LP51SLD1
158e0c063010b26525e4951b655115e1bbf112a1.png,9PBV58EG
15e3f4e63c011243db9d63366d9ad07ac0cd6b30.png,8H63QUZX
160c6b4738c0083c34578a45d1fb4448cf5db9e0.mp3,Y1D9MOF4
161ab1efe60542a84b58a0ffddc822564f992d5f.png,EINHUHSM
161f0f32d5f331aff8dbfb429fd8a444d8c797b8.mp3,N6BC4A51
1633f114ae0cd972da5a8513add3eada6f746304.mp3,WAJYZA1C
168f2286def31d8b87fb7bf60e710a0a7d3cdc17.png,9W1F04FQ
16a962b5699955470ae375b76e52cc530b2003fd.mp3,Z38Z2XXS
16aed4078d67e9582638060edbb9d469bef78cc0.png,M5R1PVDX
16dca1d7f4cf9c78e5ad92c8227e3e7dc2faf20f.png,TRV4T47O
16f9c6872f6daf0f37882da02e2b55cb8248126a.mp3,EI0UUPX3
1755c56653c4a0e6c86351817cfa6b660a9ddf22.mp3,ZC88ODU0
1759fad89791a6d09e900a88cd94e0a356ac68b8.png,99HCELK7
175c3e0e75b216516356e2feee11259aa1a71c9c.mp3,SEI86YD3
17d585b00421b3362df9f7131ce6b48354a38f7b.png,NC2Z8UJS
17d67c9ba3863453ebd9b09b312a9a5effe4ce75.mp3,DGD14YXL
1840f6eca4bb172da5cec6a2ebb92d44c5c4632b.png,1WV020OC
18b26cf08e8edceb9ff525795ddce0e75c5c4282.mp3,Z7B83T0V
18e3c66c78f7b9f90b5dd05110748cf6b0d248bb.mp3,QPWNQSN9
18e7effcbd344f360dbaaabf45598cd9f8bf6373.mp3,N9JL938B
1907e1ae2748f4d0ae5936fcb9f7622efb4b754f.mp3,46CJM38D
19147c1849ed94577dc412cbbd1b25debda925d0.mp3,5407M88P
195a660a8fe29c6acd2abc2d47eec8ede88020ea.png,JLSVBABT
19a97c2a8cc98a8f783eca1005d85f98761e371a.mp3,WNJMEZZ5
19bd872412dff6f4768a2d019ccf6b32d66d7124.mp3,EU8DWZRK
19f1da02229dc2beb1743874715b8984bfa30016.png,AE74XCWD
1a12af4bfab0341d26c78c425c7014d44d56de52.png,6FQFOIKR
1a3664ee5ce29a84409286d9baa47e09811e7d13.png,4X3FFWS5
1a3a78bf2de3d9742835aaab8f4dca5cdb55d948.png,BEPRFX6L
1a58df2a2d97f1b16945586984cbcb599287a06d.mp3,QA9AY90V
1a66bbabd56d097c1b58b504d3e79ac447411e14.png,5GJXH31I
1a75f0f2bd799627de0b848cc8982a3476a72e3a.png,CPV4XM8Z
1aa92373278cd8f43ced410fbf4b9a30ef91267c.mp3,NP82BH02
1aae8985a068c48c602af10e6669702dc5390e20.mp3,CCO4ILIL
1aaff658da473514ff787577a51e40441b8ea5da.png,FO9WS73Z
1b01b1b0c3a6a92fc84bf8320781788592c29834.mp3,P6QC3BRE
1b0af778a966feaa0f0aec7936cf76c36b1d58af.png,R49JHYZE
1b768597c01722357a28e4956776b6a36e943ec4.mp3,AQCYYFF0
1b7cd8bc3f7d324ec9effdca184013eee1aae07c.mp3,5HEEB4IT
1baa1254a715d816a21438100b68cfc37ea7062c.png,T9PLKWFR
1bc13f623d8737a76bbe71ebeb8938a7ad87c074.png,GP5MCRT0
1bffe732f616887b67fa78f9804dac8912878f9b.mp3,LBZIW5MS
1c0a6a7e81cc223b2f48a2eb7204a8f86894c057.png,KXORHX95
1c1a18eb0d3626ea0d6cb6d37a3915531e8fca28.mp3,EI63RXYG
1c369085dda0b566e50bfd7881b0119730dce7ea.mp3,I8PZL9F6
1c468ec51d1ee97e63837a6ecfb0932765c4406c.mp3,TOGLS5VQ
1ce80731c3ef6d31ea530c8d19f21531b86f8ce0.png,GDLND2GJ
1d075a67790723a8027e1d2459cc8d73b66df552.png,93MZWEW8
1d17e2b63c6405934f1d853b9b8c1b260d83ab0c.mp3,F3V1DY0A
1d23727644a380262a8d28af8e6de87b58f19e72.mp3,YB0MKPY3
1d607b5fd24b7215496a58ac74b3cba3dea7d9a5.mp3,I7ROTQHQ
1d6b74003a61d1f3da3be33003c85f25388522f0.mp3,DJ8QQMQ5
1d8a7d249de6b807f782f4f9c74524b94deb74ab.mp3,A7N5XHVU
1da0fb53d770367f9d01d0a5c652b6282687e2f4.mp3,BW7Q9IIE
1da1d9e1e5286512074e95cd7c101961fc348507.mp3,S2DFGOE9
1dbd99c58ebaaac642dc8862e647ab4ac77a53c5.mp3,TWRYJLXE
1dc5fe2d9ca72d5a155f3ff9a4084e812fec8eef.png,P41F5D34
1dcdf8fadc0caca647c4912c870764572c7e1187.mp3,FP24RFEZ
1e297ed4a95bfb39d9accc001cdbf3475246a68a.mp3,X2PQG6J0
1e5a1d8389406def11128df200fd4443345aa409.mp3,JVJHJ1P7
1f3bfed547fc32146d896a9550194d5ce6f8d845.png,LMRWJAB9
1f4ef19c97a5f9bf00ed1ce831eb2b2b067fca8e.mp3,7DI1TXO4
1f55a1f1e60707ddbcd3805263193ac5343d4a4b.png,7MFHGJH1
1f6f038352bf4176a6910739d4250b807890e105.mp3,MEFQTTT1
1f75d60e331e8c3e9db857a1ad70eded2d85cca5.mp3,FK24BRXG
1f8b6ce0b05eaad280f4068d219fbb21907886d4.mp3,HTTZUYY9
1f91fd85e5fd962d913d3b03ca826717d299d635.png,BIN51KJO
1f991ec700d7269f3e393ed48d881e34a2228122.mp3,C1RKHXDY
1fab231066f245aabf623264565302dd2ad14361.png,KSLI0OAN
1ffb092d7f69523efb5eeb65fa09e4e9e29ddc72.png,P6JHM2UJ
1fff4129a61770646165f4d1b4143a4a1ba86db3.mp3,SK47NNAA
2035835bf0676982d740feae0715eeed33d88ca6.png,KZSM6YR4
2057eb86cda150ade937836097a1e5dbfbe7a208.mp3,714GWVKN
20b662ce3eaa82c44cd7ee082fc449d3852926e5.png,9LZB4LA7
216ab3786c5f7202cfcff636529ff7e77887b5f9.png,YGO6F99C
218d383c8a9ac24a7c8f4afdc4b3ba6afb0fd063.png,VR485X4K
21bf415a2ff067a165fe717cf161c82692c875ff.mp3,PCPEKGTF
21c18adcbb38f8125f78dd940d4169133d3bf30c.mp3,4C65CXTF
21d5138c84720a66cd88daaddb3726fcb1ea97f1.mp3,TVVNGEZ8
22005e8203404e09b8440dd2c7214ff6897c55b3.png,X9XEU4SS
220916009883379bb437677dbd10c8fd73c40088.mp3,OQ1RTWAB
223ba9cefaff5f09a975aa54180bcdc321683384.mp3,ZH0PRA7M
2294be48901dbe4cfb1aefc787bdd18fa18e7edd.mp3,WWPQAKG9
22a874707058d1ec169cb00ddd0f1a0afff31f7f.mp3,CANQRV8Q
22f278b01aea189fd8848fbe0efc33fa560afd18.png,AJJGZZBB
23115055efa2a90c41e7e9a0f648e7388c46871d.png,5AMOOWRM
231302ece5fae4fb360d3bdac5c9601a28eff309.png,AX6A07TA
233c66b20c9e92ebd96454b5b3ed86138e8a09e1.png,9RB7PAXH
23720ad55d33bd92f6ac0aa9fa0bec862af35856.png,GOS7GAQY
238c3284693ef14299d54bbdeeb77438e906866e.mp3,66XNUORC
239ea510dbfadc96ac77eef3d275004f16a2005f.png,82XFY64G
23b5fbcdc2251ee648e326187de2f410b36ffe37.mp3,2HQ9UP8G
23db79355c30db950a9d6214be6eb1e1b8484847.png,Z0PUC2HS
23dc790d0b374f7fd6711bb6fd70858d49d3fde9.mp3,EOGUFJY8
23e23654239940362bff759da2c774509c76a845.mp3,98PW9RJ6
23e86410f641d54e1f3aa6ddc8db51fe2738b965.png,O9LJROR5
23f06046ac07da16b0e6e825459ae1dd9a4e4f91.mp3,I7MERG1A
23f61f2c8a81e9cbb1d585a94eb133554cf15f58.mp3,1FA6XK72
2414025550f477f51fc25f946801088eae13585a.png,7EBH64TD
2414724909ae85e98800ea4443415eecd7115cfa.mp3,ZUO9HMKE
24635c42660a364fe274eb880195c8c0056bd300.mp3,6OROUCF0
248bc63647d733dadbde31d70d37c02dffbef990.png,YGEMFXAU
24a2db26cb588a8445f66cc9bc157068fabbf79f.png,KAEWUQP7
24c51b6651333154e1a6d7467d577dde69979b0e.png,7D2RIXGX
2571623e05a587d518adbe6e9823e17d8b9ad95a.png,D8O8C3HZ
25a74f826e37b103eb2ac65ae2ddf4fe9b97f760.mp3,5AX7FQ1P
25bf5660b28cce72eb92cd06bf8dfb52a4d96684.png,OOZCDLSS
25c38d199bc1f58e0bfeedb926bfc4dd50c96a1a.mp3,PH11P2Q8
26288c8dbf8cfdf3b76a155f70ef455204b54a19.mp3,6LEFFYYF
2647b3f06b81b647291d3067741bc9b583a3bec8.mp3,NBOKFJZV
2657512c75487e8fe59d3071bd70ce67ddc62332.png,LOCANZGX
268e1457ee874ff2db6ff92bc3224c32f2566bf3.png,BFINF3WN
26faa2e92b006f6ca6f755bb9bb6beeffd4f0b00.png,NQ3R7T9G
26feb5afdb9bf541689c182ea915719238ae0aeb.png,NEOCSQ4V
271e1e92fc2bc4a487ce567b4550b2bdf962de95.png,P6WJSA71
2733be8113d318945b3a192ea748bdb4a4302f13.mp3,ISD3VHP3
274698d5af9dffee5c96f181075d7072c3f700cf.png,D3LS4HVS
278177420dbf3150e70dad1c5b4d9b57b6dfd9aa.png,VQRDH6YV
278f254892036d7a8611fbad1e639fa13dba255f.png,4SN3U5QA
27d93b47d2f4eaef33fb049ff6c9016732fe36cf.mp3,EOVIN7JS
27e7d50a34b9fd40c804c71663524c0fb3e3b7cc.mp3,S4D2YNGZ
27f7d0badac9d1f12f2b2d381995f2d1c84adee9.png,RTIOZD2E
27fa34bdac33ff673398fb4f7e6c8cd19ec45ec9.png,SAFNF7QI
28005245e3781b4df1965e71b034d8ead63e2c61.mp3,EGPB6XGR
28237e9d6ffdc165b78528fe48730d31f4e24368.mp3,RPSMAAYF
289a91de19016bfdbb3c1aa3c68487439aa7dc6b.mp3,DNBBW531
28b729a6ebaa0c8e112c9818b6b06702e590dfbb.png,RICCC7KP
28dde2bb2b8e50da9598036cd3bc56bc51fc852e.mp3,VI33UEGS
2908724b62c769e2003e35d3caba58e59215fe96.png,2F8MXGHA
293c4679887d4e513bb56cbf54f4ce6fff7a6d1f.mp3,OOZPYUJV
2944587040a610c90cb629f5710fa849e32b063e.png,TWNVCHED
299b9db7d44c49b597b85d8bf334c9491d0a98ca.mp3,31UEQNB9
29b411913dc5957b20b94dd5f3cf3ea3aba846be.mp3,87QFPXGV
29b429e3f0d05709cc620b0f785bf08723564942.png,GW3ENEUB
29dbf159afd5df92fbe2eab8a4ccaef8cdd5ade8.png,VDVSCYTG
2a009c2396af458d7f35159c12a77c0b4e6dd1e0.mp3,ZYDZT6QX
2a168a866d1ac58855298f4937509a3294b4550d.png,YNN76BBL
2a5af0a67d7d95c0abaf04c89b17d2bb55296a3e.mp3,RHANKMHG
2aad80dfb8c1a326d40eeefaa5a13f216a391c65.mp3,0AVJ961X
2ac53fcc1fb10702ac109ce25ef22b90dd8a59e3.mp3,4VW8FE1Z
2ae51ad95ac6be1691098ef01359de171f6afb2b.mp3,GMRU0ILG
2ae75de6a6b6015384bc3925fdaf3bc826f74080.png,DKBN9XFZ
2af89b0d23f403d14bb3ceee927a921857b5cc89.png,MOB0FJTM
2b3ce4d0ee9b3fc4f51745ba5aeacc1a95d20a59.png,5WZIYD6U
2bb0dd4488abfc5100167ff758e2d111866591c7.mp3,NBAB2K71
2c13e52c25f70d5ffbda880848e63fed6d9f3380.mp3,3MXTY3VN
2c1b3b88e9f4e070d1eb7b24c9e651fae809dcb4.mp3,54XBJUDT
2c216dc760b02abd6aaae09cae43b3bc641b0660.mp3,YA9UF7HW
2c437c7d8ef4085b97cea36db28c544bcb32901d.mp3,2X2QOA8D
2c7db342eac75dda39b2c0d92557bf968ff7e72c.png,NRZFN31P
2cb08671463d23ec2642e3e10a5869ce237c6141.mp3,0PM2SLGU
2cc48db8c2f4b86c0963a70c3948f910d58bed57.mp3,MY63FXM0
2cd3571ba97010bb27185bfbc5266fef52da5bc8.png,3FRWYI85
2ce089c40d4d820a37443fbc989edc134a403f94.png,HDBGR4EQ
2ce2aaf5e1caa5303ae167d27142daeba640184d.png,HFB0PVD7
2ce7cd135f3853466d9175058ded35d7822c53a7.png,I6LMY9JX
2cffb483c0b3544c0397171ed2a1e9f50bd6bc13.png,I0T5ZP1H
2d21e855dfd90eba6d24f900172ec9d96ad2f486.mp3,RN4KJLFL
2d5e7d8864dc49c55ec5ada2a031247ee022a2fb.mp3,CPN58B3B
2d5e7d8864dc49c55ec5ada2a031247ee022a2fb.png,V5DU5JBD
2dab203e7d1630c4fe2f3e4a73c0a49c2f47dfe4.mp3,MRBWB9NE
2dbaf8419fb3cb99c3bdabb06dce9fcf639fc481.png,S3PIPX6K
2de5b2b2b9a4c395ec78d019763f33ba3daa4e29.mp3,7Z11QPIE
2df9e7d4d41eb86e022a82128ab8452e5862ffe2.mp3,MSDL0YP0
2e25d2ac6722279be8f20e61a1ac770a7dbd2192.mp3,1T9YZ3GS
2e92d04a0858373332d408e7e00df508e17dcb4f.png,JIMQ6PKS
2e937a47f80d3902b4b2db0963923c2ac301f669.png,SE93MOLM
2ea4cd79ac3da12e177555a9ee0692b4316a7ac9.mp3,AVUJ76YC
2ea8f6cc8bda46bdce960e09a966810a2e7fa450.png,VNWQAA6T
2ec32dd6546a64971de1586c982478526c8d537c.png,ZLIATOB5
2ed1fac9d62ecadfa88a08afe2fb0599b988985d.mp3,LP0B7WY4
2f0ed84894ce5cce8244d10192a9a8039086e775.png,406UC52Q
2f275b2c0a3b319bb9b3b1bec592db367b2e15fa.mp3,JRJ2LLD9
2f3ca3ad2e59631210d893a27124183806b3c94d.png,7FY27Z96
2f504fcd01732791169b09546c94a85cb28606dc.png,W73OCQS4
2f8b14bbf57941065e29c990aae56c831bcb7158.png,DP6MROG2
2f8f44d148fd0e6ffebb8762a0c29697e75ec865.mp3,JON6ZIAA
2fc449ae968bd9d9216cd1b8fb71d1a28e0613ef.png,UJJQP46C
2ff240ed207ee22a40f75d7159969d1a16bd7d5d.png,VDLDVM9T
2ff52806481968b4d47df95a7b5144bc0774aec2.mp3,JQIG8QVT
2ff59318b7d4a8a9efad06a9fd0b12cb6e7b7e53.mp3,49Q19V09
3031a0720e26e3362b94139568d95064e2a196b0.png,HHEPOLYU
3034e83c3e06c5dd48110c0d2972d7cc4ea76ba6.mp3,KYHBLNH0
305b4aba80a1775db8ab1d3a0116706f8506e17f.mp3,TJS7RTDN
3065c198f85659f8b84f1ca2798137e2fb16705e.mp3,ROI4SU85
309f6ad4c3e066bec28a01c515708369784ffec0.png,P828OHM7
30c2e53965c740194fe7c43be962d78ad4c5664a.png,PB81A65L
311a30a747b183d2e6b0e96aa5f43064eb791abf.png,3MUJPOHZ
314bf807be6cc1497bf748db7c700e77feb7dee0.png,SWUNAWXJ
32f1adbc42a3b3c6bd409113c1de837bcebccb17.png,P6HG36DV
33057681bee9885e42ec140cf0e7dfa650bd35f2.mp3,6HWQ11JI
33c5eaf2802e113a5a2a9595b1cbbd31f2eca901.mp3,EJ53IE9S
33e587a3d7b1d91e8ca8b5df4f4c049e4e1b542e.png,S8SKRBI0
340089d7fca3a2a33046d5ef0e8eb99e19e23425.png,GCACM3VO
3415493e478403531c958b904883f087cedd9562.png,2MF8SLBV
341b9c8270188625ec445c1904b151460022d0e2.mp3,TOJVR17Y
34370ad6cf35d3f3f8178363ba4232ab7cfafd39.mp3,AT0EDALN
346eac6528cb003ba056283618ac73dcd9db16bd.mp3,JK7RHCJ7
34716c9e7a46574af60b17ba74d1a84e9cd58651.mp3,FO3NI0TA
348ff1028f1fc18375245a8754995e1d36066289.mp3,VGGN6BIM
34ad9d449bcaf0551ed53c5b63c204fa85af1109.mp3,IJA9TH50
34d62bde3f87a9ba781420e7ce3aa1dff973133d.mp3,YNBRUFV0
34deffb6c1f5874f9c5391f9eb19c07b633d5805.png,9LA05KEK
34f07e97e3554e17dd61f47832fcd8ba472b522b.mp3,GH6MKHZI
34f2a56b451c2a6e88bfce12950a4e372778c7b2.png,PUXXYLXG
34fd966c6c14a6161718a79f6cee4f6127f382dd.mp3,LW8G1BIP
3501425d7cb63bd94cce0409611f2dd54ec4663e.png,EJU85IJS
35197fe71e767f0b21c21e25b7a4db41cb68e2a3.mp3,58U3O4W7
352efe0cb1f7112368c9612a46b6e1672334ec4d.mp3,4RJ2I2M0
3538c9b4a85f0982e00a86cafff7503942b3b433.mp3,2BRRP7V3
353b72b079af857e0533cba0073fa2eecdbe7af1.png,59QBCCIM
355052f0c2ca6a257d9c78272ce9371d7b40737b.png,E9H50DGD
3595fa00ae7618e11bd0bde6762a8b9be4f9439e.png,YVGNIDXP
35a66d06d1d20203ce254c49d05aa303287241a7.png,HV3ZGORO
35c1b3306250307a3b36124367e8de46488dfb9c.mp3,S25OLGAT
35dad42c1c3539eef9b632a4d0bfeb3a50a682ba.mp3,VIP15ZLO
361743e3bc580f259a623df1d0b436ec51d432e2.mp3,8WLANAYP
3628cf7b9ce9e18213ae03f3daad3beb7973b045.mp3,W8X31L65
366d57f70e22a50de2ece0f31f2ae9eb0b1e35d8.mp3,B3RSCGJL
36e7d3d15fd9249a297d05cde1db3e85297a121f.mp3,P8CCEYG4
370232e18311739aa8d555032bfa324f11158878.mp3,9I2L8WP2
37521e0565e564faff80695e31ff95350a6f2f1a.mp3,VAPZ7KEK
378d8758597240396e1e09ce47e9e62ddc7b7154.mp3,IA37B9OT
37b268ea26b625ae7aed96f2b835ff2d0e265d73.png,PRCQ5X97
37be126e96729945a8588f59bb3a7351c6c9e154.mp3,6U4EB7HX
37fa6883d62c36ec4d829f757e10c03c3fc126b2.png,IEXIH4EY
381dd4ba8149f5cc795211b437c96c3f4b1b6d23.mp3,2W77NR7W
384868024eb82d51392fc2fe3a005ccfaadd4514.mp3,3VJZNP6T
38657a4e23fd73c323f41a1793491f8fda8357e2.png,5BL92SJ0
38a6091e4298199a88e66d82f8a4a646e3bc6e28.png,W11KEGOM
38b0fa9b175a2836ed47194958d537228171d8ef.mp3,5YMHWPE4
38f3ffc3fe765c9a200421620ed8be611d5185d8.mp3,JEOMBNVN
3916dd5f967cba232bdad878877391bdfd877f38.png,PPGH3BOR
392f9f70654bab6c0ae45e240bfbde7202f29015.png,ZT4HKNN6
396517478eade6044190e9f0c0d1ece0f04326e6.mp3,LNSM37VI
39acf1167ea35e337b84eab9763f15315e15d3e9.mp3,QAFV7SUM
39b7805ab7d39ba5027852dbb392b3e0ecd02be7.mp3,3QDUZLVW
39ba173f69739fd5d29a2aca0ac36a195407b2ce.png,AZ6KY0PP
3a222e485ae81741410da5ac2d7cca900f0fe38d.png,QV3NQ8NJ
3a29d3ab611e070129d303178013b588ff86e339.png,AV8ISHXC
3a2a121a3e54ef4a11241892a338d75aa59c6281.png,5VLXVXKJ
3a5a0a91f04eab7a1f4b11f296d0d11b06aa9c12.png,4GLYK6FQ
3a652ebeab522174718492badd991f869416a8d3.mp3,FZBURONC
3a8a735c37157c193328b91b9e4c97106778849a.mp3,DLKNEKKX
3af5da8a60f78b8b8969da42b5cde22143c0d9c7.png,URUWDLSF
3b0313629bd09a3d1b9b2d8e56ce3d39cc13d468.png,NWYA2B8T
3b0386818c9991255fc7db304d01336986710687.png,U7LZ3MDL
3b0b1e241a055be89e548e2211add4183769062c.mp3,F4XSTFBU
3b0f1089ded0e775c44f7d5140945823ded34af5.mp3,VURDADDW
3b18ee28669f5f3f40deb1e220b8a06f5b2b08b0.png,BEFZMDP1
3b76dafcb84369ff636f107d7f4e967c1253aede.png,W6D94LNB
3bb5c520fdfc146921d23ba208a6dcde98e4933b.png,QVOT2VB4
3bbc03df1a1ed20a3f73741fe0f30b2996645d28.mp3,QAW4BRR7
3bc270026c8ad1a6afd91237f31471a12d5382a4.png,T81TMJKU
3be8384dd9e08b9c121337432add93deb94cd7ec.mp3,QFFZJ2EZ
3bff92bff266522b22b384443d85b91c98d51315.png,J1IMXV0T
3c06b75001557a1f049ec468379e16df8c0bcb89.png,M74ENA20
3c0c835bc4a1d20521862b57f882f3319871a837.mp3,GT49YP6D
3c52832781638c86e2a58e88532ae3a9e9bcd1bd.mp3,Z6PP6SG2
3c6dbd8c1c38c9a5289597eb2234ff22294ea83a.png,GQ75K1JR
3c7f65464873e34684078e8661e8bb28ad6727e9.mp3,2OYS11SD
3c8589d69f54538b6eaf32781ffc9252e122ae68.png,V71DUR2F
3cb3cc7834b872adb968c75c23f761ab42ba6306.png,7IBB5YAP
3cdb713920556e1f85850ccaff7f47bb5dd16869.mp3,J4AX6EQY
3cdbdc60776b2cdac91ac0f278abef0a75a7b2e3.mp3,OK9SFPDU
3d08d3f84ccac44984406abf3dd4e137cbb96082.png,M8R8RZF7
3d5b6d7dfc23728395c01491e0377dfe339b2921.png,GLXMRIIE
3d6c3d1f6cae95025d705533f08a9d727a168c5b.png,LMFM8X2C
3d791a564e26422f04dc0222c1eb357dca2975db.png,EXHAC3SK
3dc10667aa335c8cb8517ddba29cca3bcfb68712.mp3,ZRA7OR2I
3e408e13020a108fec323e90e4c1a487c032d4e3.png,SI7L19PM
3e57108620fe2612d1a4435fad15497b3eec641b.png,ZZE5RVV6
3e59e07dd032819ef3d39e6c5fc98a69cf5ed5ab.mp3,Z4VHK4SC
3e751c2f99c9ed10d4051ffb224d60b1cb80eefa.png,G9UXWRL8
3e7a133630cf5507729db4ee09cfddbad4c0dcd1.png,5TKB39NS
3eb5cecdd245b23252b9784abab9bbab3604d018.mp3,N69G4U00
3ebf47aff3f8f2814e72cbf561c6a6f1dff5722a.png,X7G4XSPW
3ece874d3db957fb63318da84d7105106e9ebfd5.png,UKF9GCQG
3ee5b395f3a8707b2b5826c65a700b7a46cf4d24.png,ZP4JAHHT
3f3d38db90e6d54e39d998a4b7290af6d20e21f1.mp3,ENWHTXAX
3f45ad1f7cfad068ba8935d74ec67c921eb1d7de.mp3,N5BXLX76
3f5027828412106e1c67044714f7ec174c5e7dd5.mp3,N7BSQ7OP
3f52a0522d7bc9526c19d68c528c8ca0d0f4ff79.png,O8DDEDV8
3f5ef5c260c7f45468646b23e150e06c941e01f5.png,VQ6GGT86
3f8bef832653d55e6b8ef509e96d53751f8f2824.mp3,HOHXUJ20
3f95862ecd7cd0a47b0989c7f2661da2ce354244.png,DNPA1C8W
3fbb4ce02ab007ff5779279c5108b36526a53587.png,2PM3V74S
3ff1e7070068ee5b0dc0c82ad323144734ffc466.mp3,4DAYBKS5
40068eda65756e10ff565c93ed8564c61e1e517b.mp3,X0WPVDUP
401b28a0c56ae5cb97f332b9c50c009d0dd6218f.png,T5JYYPI6
403dd8c20d01ef06d9cbd248c00a844b969677c8.mp3,UB584SG0
403f70432173e4430739e635cf7196a3d7d57611.mp3,860GVANU
4085b578d6e1c9e57f62a2f05c93e5c38abb946d.mp3,MOR92T86
40a258cdd1b1cdc48eda6b62421f3291341c9723.png,CW10RK94
40b083141215f7f569d85d361452c12e93d39488.mp3,6JXXZD34
40c02dd7bf642984524e02b00b22d744a8cac5ac.png,IMSPM3W2
40f62a4f8ed4834fe67533bc05c9ffced6e373d0.png,710ZQXOS
40fbe74a4b6c09315d19aa5822976c4f54682968.png,UHV0VOXI
41721b89387bc0cce35147c11cf8f69c7294cee8.png,688NULW2
41961030cccd95c7beac47dfff3d1cf8d5d65cf9.mp3,87BB5N5I
4199a35c97b7a7c4fa464c5d7e3657ee8a899826.mp3,YY84VOO1
419af37b485aaedd02d1a56c191bec3c48678a8d.mp3,U2CQSQL8
41a5fab578822dcbe29c6a3d0a8727609fc67de7.png,HGEVZF2R
42216388914b8b8de9aac9922f299338eb41baca.png,OBDC4K34
4254f6055cae41a5016de30938732952307df3d4.png,LNBN3VM3
42769e2e46503873cf1553f155f53c0e9a7affc4.png,KE01OLZX
42c0bf1831c1072d0b25423c81bf63173e4be0de.png,QNG07JXR
42c9b29ec16ae39122035edecc642fc8e97ebffe.png,FO2GTK39
42ce67a4e95ad405f8a8024a3c27da9de4aba4cd.mp3,XDEZWAFT
42e3830b4c60b37a1f4a8fadbc3e3ce4705d17a9.mp3,UO5J525I
4356c43f5b7342acfe3a65588bea84cae3b58ce9.png,U9ASAM3H
436fc8e630595ba1f5f9784ccdcf54cc55a3298c.png,WDP105BS
439ab5cf6cfd5ed33a3d2a6de16edc7428cf9386.mp3,YMO41N26
44af13be50dcb2153b37726763643a94ebee1bf3.mp3,7U1NUADJ
44ed22f338732b4fb8f7b179c643dd342459887d.png,4STUQBKT
4540562f6b3c2f542c5f8953a386585686db07fa.mp3,CVGL7GJ5
4577a01579e0d348aea3043f666cdb93fa3c1dc3.png,I28VV7FB
45a4ad7845902c3828d522b1e5662ef0b3e4372a.mp3,TZL2FN8N
45c54d429048574ba2a36bc5852b03034be2f98f.png,DJALX4Z8
45c973433517c541c9d06af33d95867f960bdc1e.png,QMYPDCWV
45e9edac4276de07c5d8a7bc51c162100fe6738d.mp3,R5NL6FAF
46064d22080429f810cef553d8c58e3eb9a124a1.mp3,XKLWPMZG
468c4f9b2d62a31d070983601abb207693a2fe9e.mp3,DV9HM7GZ
46929836b26147a915e1aa3f805cf3e9fa9242e6.mp3,X97K9UF1
469e036d36dca7d12be9cc2edaef981dab598965.png,H8Z2JTJD
46c47286b22cfa645970650f372662384fd4b48e.mp3,J8MQWIWR
46da443eb0d66d917654089b74412ee8500f23c2.png,2KUDAXQQ
4727291112cc85c93064599be5ca812770dc1baf.png,A2BKSHMV
4741c5224e7d71fcb04833b6cb920df910adeed2.mp3,O6ZZTFO7
475ffda909cb2a48d0f47c09683314cf7c386e9c.png,YLTM891E
47b2246288b8fcc66257240fa51e2833e52086b7.mp3,XH2KANIH
47dee716efcd101a5b88db134fe21de204affba2.mp3,GMMP10Z6
481b1f4911647c355170b31eee17efbe686e89a8.png,ZDD4AM8F
481faa7382f6f4c121059a2bd0efd383e8af96e8.mp3,DZNCGFIF
4873f2deb3b858b0be08d781150b443400eae850.mp3,AKWIVJ0M
4891f3ba15855e41fcf924571f42c7e3e801ac1d.mp3,OAO5F2G9
48aa98493bfc7efad933d07cc04f0845315711f9.mp3,Q3PPNOIT
48d3f1c64795a04901d5ed26ca49ef778c317c50.mp3,DMNVH3OH
48e1812413c44fadfc96bfaeb52d1b171f67ec91.mp3,CQCQX5NR
48e4b5f8910bab16e2df9660243e0a09b6e4f717.png,GTQGJ2NZ
48f45fe1ca2642d6af8fe2a7fbeb511c53066fc6.png,890GW2OB
495792af222b8ee57c913931201a56583fdce93a.png,A96MIG8K
499f1762766b33bb2de3cd60d7be15a392d83e32.png,ONXF0PHZ
49a2f2477bb293a3d24309d605699e1191a5a1dd.png,X2KY8873
49aeeda6a659df3339f6a891dfe8087fd08370cd.mp3,UNLZGILJ
4a1fbffc31d194b283d4dd06a10bb5cfac5ed082.png,T1FDLB7C
4a561efc829c158c49afe8e468bd3136d021b4d7.png,92QAXCRP
4a583861cf66980e4794a4ca02c38bb16df4909c.png,464V2PW1
4b762101ecf47761fde656b25aa472697ca3cda4.png,SYQG4YCQ
4b79c7dbe0af8b3e8fc34a17672802f96fd34cba.mp3,AMFOK0B4
4ba7965d022af46c75094b745666d7a14d34c8ac.png,DYRNSS0E
4bb18de221dba0887319fe4f6529885bcf9a4ec0.png,8LJTW3QY
4bc6b1aff0448a405cc2801d68c8aaab1535e2aa.mp3,ZSKQYSK6
4bf6820aaee53c05c8ecbc18e3d3ebaeb628eaf6.png,HIJ09OP9
4c50a134844a71a179fe461eaf7a566acbb416b3.png,KXDYHT0E
4ce9bfa38aa0db8efe51cc56da968f4409e781b6.png,V5IC2R8L
4d6919dc9dd664f175c7de9b534bfa94a94c4ec4.png,FD1AO77X
4de8ed62a268618d8cc62a373a723ce5263618e7.mp3,M3IBUB45
4dfccde21385f01e9aeac61359a2c44e4abc5507.mp3,7UEMO7JC
4e0a88c6c2c6926522faee789f2d4ffe6e63a4d4.mp3,HO2VMUUC
4e38bdfddd21d55d6c9470f4a62ef2efdfdfe6f3.mp3,ALJ6MXC9
4e54124c27dd1ffbed7aaeff522d26e7b1da1d06.mp3,EJ53POCA
4e67fcd9204657415a4c5f438a25573570ded74c.png,SCCPELYD
4f28f1b3c7a4ed5883d4cdec1a51ee4f0fd6ca25.png,279PNN9V
4f2d8306f2ed2f8feec2775255defa51c38276cc.mp3,EZLTZ95J
4f5dd6cbf6364f05e4462065cc65dbd6bf326628.mp3,SWPT0P0Z
4fcc4f6b875a1174e5c4b6357b4c033ef3b3a22e.mp3,32KSM8AY
4feed9e6a247cfac7974f990b9f8b440d1f9aaf3.png,51TW87R8
4ff1a57e59aab33f3ca57f76d50a5b8c05558a46.mp3,56RQJXAI
4ff7c33203eccf52e4334a359fa3912ef972f755.mp3,HYD48PHW
50318daa337d320f1a85822b9301ec88fea458da.png,YTTII30Y
50cd8c14fac877ada97e3c4b3c28fe42e3a20270.mp3,PRDFFTLA
511404c02c3cbba1340e9c526092177a854caa6a.png,J0OWWDO2
516aadb7651c4623c47fe0e7edbe75c171125f2d.png,83QUD9PY
518d52f7b9310c442d27bd222ec18b1137669a5a.png,LJX4PZN0
51aa567cd2bfd51fe5841f8ab8217fc72023ec47.png,XEKX765A
51bf4dd4f338ca91672f412d0226c0efcffc601b.mp3,2KMXDE6X
51cd02fd4dd323d2129cd9d7fe9885b3e1e2e992.mp3,JOEB3MHZ
524753799aa18f46d896311550d7f00638f7de8e.mp3,807U11T8
524958a60ddf393dfa595e5d789e12b64ce24941.mp3,UR4848DW
526fb97f72f28f86d84601a981d95e1fcd3381b9.png,UANKIMR4
535f22c638df9506821e481547091b73b71f81cd.png,V45K04U8
53815504a309cbb4880703fb748ef56202a3dc52.mp3,NU1RR20S
53dc1fc4ac65fa30412c67934a5b24b54ace4864.png,F5CB9V1Y
53f4c640c055bf5ac8d89e4a1c7acdf758647a1c.png,BHHIOO6M
5424945b17514781dede2df200b4ad09d1e1e081.png,M2BKOHGP
5424ac4d9dd2917d2da7980a8cb996d4d0419752.png,CLNAIMAV
54339567143d3885c4635253e79dc1614cf3ce6a.png,5XEG4O72
549592002687ece2af6364e947e75e10e338b8f9.png,LS2QSVWO
549f279d58b946479dc7b8eea30b511b751d7e26.png,2JD2S7OJ
54bd72f9cf9f4c97bf475aad4a3f5ab83e9ba21e.mp3,6C5WSQYJ
54fce90f122401692d41b101bda8496bfdcc7628.png,Y5QA7HYB
54fe7ddf3b2cc50d40a0e436cf888b73cd0c10ad.png,R9H0LK4V
551a938f1277d4ce5ae5c68395113c41d81471cf.mp3,P2U69QVI
551e50f32a8d3e7d2d5879d2e2e3d9288f8da635.mp3,SFMZ9UI2
555306586b941d0850aa856c52610f7eb8294ca1.mp3,LE4F4JC1
5553bed8ecfb1ce5ded304b92415b53f019046e2.png,OO0F1DKX
556419a8a82fc7e3f242253acf69d289a208dc41.mp3,D1CKYQO2
556979cd7e95a29dece327ae6660006d97fb07e9.mp3,IFKN1T4S
55b0225a8ce9872de74d5d42173006e40489ea1b.png,5O5XXC5E
568e6812e4021df58a2cd3f3b2600338477572b2.mp3,4UBB9XTU
56ed9924375803dc65b26c700a24262ca5951f92.mp3,BO0VWHGM
57097aa716de7d1f17e1ff55f7a1ef348a64ae3d.mp3,PA4MQ61F
574ccaa0a4470878fbccfe8a670e12dd788f7297.png,9JW64RU6
5779382a201aa73ceb79cc79fdef534a3fdf05e1.mp3,VQPJ1LLU
578703183a630fca0ad4541f2aae9de62fdc725f.mp3,1IF5124Q
57ca4bb92e99e44b0c6edec1f27fed250e2002c1.png,JL6CSUKT
57dd280ceb1e266eaa74cc1e8f3f7dac9392f100.png,EWEOCX77
580e42a8fbfcd5b018552e4d549d9833d6e5bb38.png,YERENW50
58954915694046a80f2cb0e7bf46d62aacbf29e0.mp3,Y1ISL9V1
58a79a2ed54a50a2c7bd8a962ea7aa01e8bcc39c.png,4S1K00RH
58e59d7ee04b4af8a6fc24d39981751f3be2f3c9.mp3,1KUGLWVP
5918db0d73e3243d9ea352e67c9aa267b016e758.mp3,0XZRIER5
591b020d3c1b778e5430fddfb588287aba273dd7.mp3,QHZDQRCJ
592894c86664ce0061defcc0f13343fc382a6144.png,TOZXDDET
594665d281b74911d7169d96f4abecea2c349205.mp3,MS1YB33E
5960be1d29e3d15e5011fff83688df0b1274398a.png,TOXG4MN1
597edd4448fabc47b7cab68bee9ef913a09d9453.png,XB6XPT0X
599f3011b9060272a1320d643d076c7aec25e916.mp3,GPTKID2X
59b13797aa1b531a1ea5e1f381d550824c339602.png,ADUURVMX
59d7e481696220369c6e5f2ef3572c44ce339374.mp3,VHQL8VGX
59ddb4033741638d96cdae69cddc726b1ff40146.png,ZK9MQNX6
5a1fcad2016e70b0e8c2ae55d10e476b434686b5.mp3,G4APGGI2
5a28856569114146c2a8371ff43abe77b42d21bc.mp3,YEZOJYXX
5a3a080047eb47d2620c7d2b89b7565a10fc3d7d.png,435EPQNU
5a5f88b09ad853ffdd163b68081eeef29a6b9f7e.mp3,ZAL3BO47
5a7941309739bae2422e86a56271f9720af6c36e.png,1WM932Z1
5aa02a9b6fd965eaaf221d434c37d039abd4c0e1.png,NXS5I0WJ
5ae895fa3220319e7dde0c53efde59cb860eeea1.mp3,HKBGVOUU
5b2b9b1e479b560712d4d03a3e160b1bc0fc5587.mp3,160NRCT7
5b45c0dad434912165fc46fe883d773fc850e223.png,MOXLOJ7W
5b7f9f03de990c0013e2c9b6172d94067fa82b20.png,900X25AJ
5c3a68ab0034cededc6ac77dcd3e6329ebe10b26.png,O6T1EZFK
5cd987fb87b55becfde539b7469e6ad5a18f4d1a.mp3,7SNXY94K
5cde11da077cdfe8c321d8f46c75c57bf3732b23.mp3,M5MJRMB0
5d3ab158b7ef787215f88f72932dbc016524105d.mp3,CUYNWXPS
5d817a104c0065752f88d7e50c5995c3b1dcbd0a.mp3,STNR2PMR
5de8eae7861e73d64960ecdf4fa5923cdbb95f16.mp3,94GJ9B5N
5e2954d0d7471c0b41baa69307e30cf472f6038d.png,5R26JK0J
5e3585a8ea17b9ae64f88ba3b405b05e34278966.mp3,1RB4AUZL
5e3a98387f0aaf4e81aba062a779439831c537a6.png,UTW3NTLA
5eb5379efa9296f85875202b53feb19a0d7d52a8.png,4V36PVHQ
5ecafe78d1cc653e98092656b209d2888d70d2e1.mp3,3MN3L38W
5f3a0e83f4bec156d420fefc7cc80bf98fc52c23.mp3,RBO6Q2I6
5f4a1af7e592db5ebf0cba42cda3ccd6501d9ef1.mp3,VSEU9IKZ
5f5db13c27c7a5f64435aa50519fe59c421c86dd.mp3,VX10FBQ3
5f7be0bf16e910c3ecd9995999f1dc37a9ef8389.png,NWG7LRE3
5f9d9f55cc4e4ce99e6a30617b10eb7d8fbd8aac.mp3,V6RRHDEC
60691d7b5795348a22863692aeb6467e8f7db0c4.mp3,8JRHYEDX
60e0c4ba826d999a5a8faef62b17819153b3730b.mp3,Y8UFQFC4
6138d1a13838525b44c49ceebdf9fa5234b93d0d.mp3,COMFJZ0U
616e76e9960f6239d8e6af1472630537b22d25c0.mp3,JVL18YYI
617e0d7ac0de540592a3779e67ff0cef2f8bc636.png,C4KDBMBL
61a9905bec8c80fb3e9236a696b6671e5ab75d06.png,99B3IU72
61d552d82b8695b77323f9d37b17fa133aa0d71c.mp3,3GSEZ605
625c6d6ce1785ef4ce4c64873fc0a99918a63212.png,5U7W0OSM
626e3ec093c4e6fa9d0df88e36207ba8ddea6c9c.png,OHZJJJPR
6299e230ace3f849dac55e4ffba68f4f9677a137.png,RN7YAOSF
62c7d575e9e2602f05d43376236e8585fc7a82b5.png,YJ83CU2P
62c9e82ad38f3d165fd0ce086e43a52dc18ffed5.png,HNB75NO6
62cb434ebbfe94aa5b4b67b37deaf2e7ac9d361b.png,6I44Q2RZ
633daa8d6dcfa67c1b193c1c88364bc5cc1d4c11.png,MIYX1EDH
638d5821fdda0b9ef938a9ab9572a9ceaecd3895.png,MMPBCNOU
63e801ab8c5debeefb9b833ae529592a12292018.mp3,8OB7XDI0
640cc880833effa162f1b7753c0c5f1ef36b6aa0.mp3,FDQJMUMT
6430c66cb12aecbb02e817426cf4f4560598c228.mp3,6P1QSLM2
64459f047aab1b1ceff108a83991feda86018e42.mp3,BHILAY8H
647c62ec1c3d7df373a3c39f5dbc5b155474f2f3.png,V1ENPICF
6482c5569835c1890860b43716d7531e2cc2ae09.mp3,YI8TU19R
648f71feb451cb39a7460a99038ccd2fe4006417.png,FJWFFBK7
64ceed29ad29f78e611949a2a735ec7baadac897.mp3,P6S2XU4Y
64d1fcf7466b0c9ca92abc5bef23a7fca8973f19.mp3,199C1D18
6504204118e9a13522c1b744a75b1701ac645822.png,9E8K4L8A
658dde523559e2be71732d5a3cf8ce67dfb8b69b.png,O2OP7352
65932f89240d9878867695c0122e39b75ee32e24.mp3,0GE2TV92
660f102ce50731fbde9ac50c690a011d184f243b.mp3,0LCZESPA
662532fc95f10ab757fffa6fb33cef10a12cf5e9.png,A1FZ1MXQ
66360c15fe26f04b4e67d31b642a9001c3e80ab1.mp3,IF0IYDQU
667f519f8d84001610070c47ad191b899375da71.mp3,WHMAPPB8
66ac875221e3dcaff256dd64ab0f2194dea8dcc0.mp3,5EF1XYSP
66c1d010feaba8e6506e52126d53532b3baa27b9.mp3,TV4I0TCF
674d781214efc71737e08bce8a119c8b1ea6fe8b.mp3,5GTRAQMG
67e30a285ee1582a1ac52be96a1ef9330152ddba.mp3,3XM4DS5W
68b3816a41765fba82a3b009fab9548101402867.png,FYD558VK
68d8822dac9ec82da1180f5e88b3b16b0f652d3f.mp3,JQPYM100
68de0ce7446dfeebe280a38491bdb0f499e320b8.png,MYD3VAM4
68fafebc664e34441b5e486f32ee227448e382f3.mp3,9RJ8QQM9
690b8c73c72ca9f816039132843ee169bbd6b94d.mp3,CNJ6FBI0
692ed9d2814ec278aeb22d3eea3ca03de6c018ed.png,4DTMWBUE
697615f1eb845fe7de96673d722dd49f651c196f.mp3,V9OFHS0M
697cb3cd3455fb80f81ec41e27eea4ae279dbcfc.mp3,JCENXXY4
69a25097d433d62d915704bc78871f8ac11af5d4.mp3,1ZYQPKGQ
6ad233752cf8974760bb816aa1f842e387e2ca32.mp3,PPOD6FGX
6ad843e5aebbbd91eb9488dc6a21a4c5d7367f72.mp3,LBO5JP2K
6ae0851e63c225c3844a4caa9eb68d29c9d955f1.mp3,BM5T8UG4
6ae47daba252d1250d476176feac1f124dc22fa8.mp3,85CY5CBR
6af041523e6c70bc447c8529f5498b1053020539.png,ALYM97PW
6b55c617617dae15effc66f9cfb82eb96b8de364.mp3,SY0NFCOG
6b63d48890f2517f09e43544cfda12ea0282c7f6.png,JWCJEO44
6bc91f6e6c2f3191f8734b1c0bf2c1e9986a5fd1.mp3,G3XAUI8K
6bf7f187723d35cfa217a1d7aff100aea8b68059.png,RYMZDQ5S
6c064bc92f4c835ee62ab0b13a7e4c89080d969e.mp3,B8ZAC9Q1
6c31e5afe550e97032903bb31e4437a284e043e6.mp3,LY6BNZMS
6c7dfb060d31664f408868748a7c601dd848794d.mp3,L97KNOHF
6cd85589f109df7561ab69a0a051745305c80320.mp3,H1KSXVTL
6cf62e9165cb66374155f61a5f40d40b4beea1b1.png,SEU8DLRU
6d0fc38b6a18512c941fb5b1a6c3b4656c5a78df.png,E2DYZOQF
6d43e400ba8ffeb2618b5d8a89726768df7ff2ae.mp3,MBJYU3OQ
6d783917d507787c0b8e3eda8859c1a4d6bb6f6d.mp3,7HZZPR6Y
6d9aecd8397ec709cd9df00368c17ba4ecce03c3.mp3,HQ918L9N
6da64f1bded0f147397d9ddca03bd8e3faee11b4.mp3,NJWNXSGE
6df4ff5dd75c28d567a2ea56508896dcd4e21be6.mp3,9793OI8G
6e3237f50e834483ffeb8ff69a0fdb5b32bdaf65.mp3,XBRSYC76
6e3f5898879882ea12cba5ddcbc203b49b3e0904.png,PQ375TPR
6e8a885ec1128406666edf20c124dd039bdc18a3.png,DVSUTVM7
6ed5df62dc85ac0dcadafa177ecb0aa32b690000.png,EO2QXY62
6f20420d35946f35bfc3129b6bcdc858b940773c.mp3,M53ECPAP
6f6908cc94b385558a44bff7d83795345f8fb547.png,NSU4WNNJ
6f6e3d33a998c3dc09c1331b02c6c46337b2f6b9.png,4Z4XBUDI
6f72eb772d8f65f49e3f3455060be9735eb2d4b7.mp3,CY56JP92
6f7b437f69a9687b5c5cca593cd35e3264f40f6b.png,WRBTWU42
6fb2cbefecd24ebe355f3c35097eb2d32c86ce38.png,T0I0OMSK
6fb43638461439083bffe72960f7325fb4844160.png,SSARGUS4
6fd03792fab8b52141561ef83dd0073beb28065a.mp3,C23G1NFE
6ffd09bb835e9293e4b9d8344c9bd4c60f0a9b72.png,JRF8BS5H
702ebb007a7638bbb59efd7b4acaadea9276f3f6.mp3,Q6U84YD9
705c6cfc8cebef5020288e121d0c2be97fdf5f35.png,6HXA74UY
7062ca8f10cc706b1ed4710724005ed38d39dc27.mp3,T6D1VEY1
709cbd101068d5b37df68d54feaa34127106d198.mp3,9T8S4H2F
70ab1c80d56f6255fa4577082cb2e1846a07f26c.mp3,3XAIH1PB
70c322798cdbd3abee8f33f36e07845f8652bacd.mp3,86BCOAJI
70c7a2d8bb5f19cf743358b158b5f69272ff58a3.png,PG3WPIMT
70e6fbe59fabbd7b454dd44519b97327e7343399.png,VYSZE8NP
7101d78ae01c9852ba0026e5fffd1d588455d38b.png,OS39POSY
71114c950d8357c52ba1a084aa0ef0bf04ddb035.png,DK9B7UQP
71142d4148aa79e75a9a48421fb6f70ae7943a67.mp3,R8O88HO4
7179711e45bbbb6c63331bcf19384594f3af95dd.mp3,IOPLB35Q
7188524d550358730fb4862c8362af22f9bfb749.png,DM6LVQM7
71bf80d98559082b4f24354342fada6462e447e4.mp3,DJ3VCADD
71c879e61bbb750aae61d543a8d54e512454cc31.mp3,CQX0KS45
72b3e0ba5416512d6f210efb6f06ac882a6c2a0d.png,BQJOIIAB
72ba3f26e975028a438ab43ddb1f421b2321f130.png,NDC5NT2Q
72d08c96f8368f5f8f14adae1eb12aad45364bcd.mp3,P8HGHF3Q
72d9fac03b3db51920dd041823db5affd60e2f39.png,0M1RMB75
72dd7233ad2fe59d40b79b8b51e5c2fea7eab373.png,TURW7YJD
732a1680b9473ceafa47cb7cf79ff30a864d779e.png,KLZXDMMW
7338cac0d572d13b8bbba843dec50a467853a6cc.mp3,QPMO0R3B
7397ac8d5f07547b7a9fbc05f27e3e4954e37def.png,ANLO0R0H
739addb6e20100b03a0b216b2be991e3e8fe6d14.mp3,DS0Q8H2S
73f4f945dc19d54f881967ce2c6aa9f110bf1a1a.png,AEIPN5KJ
740f9e159e270dcadbfe66714247282e71ad502a.png,FR93WZCN
7427b67c2ab772090f45d5015db06c178e5f8840.mp3,38GEDNL3
744d0a98b1c7d4113e9724a5741deae8dc4933d3.png,GOQF2WSQ
748b22721dcfa8de562607b54b8b26f56035e64c.mp3,UXAGH44N
74a97861746c15df0cc50951b95a2160ac2f35d3.mp3,5PGIAJEH
74d48052bddc189fede691098e30d86497c94215.png,SJQQPR3O
7519e136e34c4863ee0d4bde0bc8f699d6f3b391.mp3,ZZHJCMJZ
75216ca55c2f0f995f0f55eb3008f0c90be7ee4a.png,0BSMPQX5
75567fb9d36b3c22535274a8865f5c88564fdddb.mp3,BIG5L56I
7577419d11fde06f88b943e5c5dea871f79a185b.png,IY8BFNVF
75c40c67362978d090762fe6a1bbacf8b6adf995.png,HFVW5O0N
7609a55eaee809c2af94e82abab4a0ae4df27c5b.mp3,G32PT20M
764305d0410e8178623462cbe0d2f8e9dbb1b285.mp3,12H6G5EP
767959abd701f170dfa6063b3c6b9d08532b431b.png,6W01E5YB
7684d65ec208ea7299530d15403a4bd0ac4b1651.mp3,PC1UIWIT
769cd9985cf2ce8bb2f7f70975dc79ecc82bf230.png,22B8SFTK
76d3ea2592d068d84617e2a843ddf426a2c9b8d0.png,RM9JA33I
77792f17727437e3191b287a2684460a6c95d870.mp3,PNF8JOKQ
779c1c113050127739bac86d3392668b8440cce1.mp3,Q97RUNUM
781bbd5cfe6134793f217dfc9e60232a6b17490c.mp3,V10MV42T
7821c6c8230c22361971d057b78350038b685f57.mp3,KE080RZQ
7833bb954a21e1a1197bd22720dcc57fad742d98.mp3,EXPBPL1G
78625e65e803363573a3e32d37f69f3575d09828.mp3,DN3FWF1I
788d7d6ae1aee2611916c864b6119f3c1afa52a8.png,OT0YAFJ9
78ddb6c201078e0f2de54fd874f974d3d93f81fa.png,O749HGWI
7914ff98bad5b1b2bd5ee0da92b047b13bff3ef0.mp3,7WOCQBM5
79886b2469823181e49360b5c41cae4db7b62f9b.mp3,PFUOT71G
79f4b2f2ec299ce3a59157ac11824bce8d4c48ad.mp3,73SU07E0
79f54416bb94b61b43067903cfdd15f056da19d3.png,E9J2VZOU
7a2ec653c57e5254b12d96da9b2c05d171c08c26.mp3,NFO9HL0B
7a3314b8ea47ddf89d68343e0678da7e4f5a1566.png,Q70MN2CW
7a3a4ecd3434f229291b1f5428108542d624e0c6.png,UI8R57Q1
7a65d80879dcc59b61406998c770e9675f7df267.png,1HB92D1W
7a8435bae07ba2e3517e09a4137cd04fec74de95.mp3,77MKRQX4
7aa238481bd799decc5577ce45a3243f68239545.png,KV7QIEQT
7ab4e7c464f9aa107ea82384c07acb1c071c7314.mp3,90CTPHCY
7b105ac9e1532d2fc9cf8b9b2ee7df49a72232f7.png,G5JV8BX8
7b50cdfe0d8eb4173c52624862cf1c48f0780448.mp3,WYT56B76
7b5db7c7c2090655e667cd6beca15eef88d67f0b.mp3,91RGTCH4
7b60f2bb9b7a0b466d0fb1cb292d0bd919e3281a.png,3HNJ9KTH
7bac6cda5822126799f873d36de7f11bbabc7a7a.png,7FMSBHW2
7c0007b9fab83f359ed61d20dcbfc22aa7641f45.mp3,5OA4ART0
7c0f57f9a80501c11c02d3195f105fe77d8a8e7c.mp3,WD1ZU5YG
7c289449a4b53ac303606ecbbb66d8183592394c.png,PAELJIIE
7c44abf3a49bdb62140f46ab20c6af5faf78ea28.png,VUX98MR7
7c85af74feb3d11dad6244c129c5a1ded7a72089.png,8VK58B2E
7d20bd091b343c402ff6a5e472407b1a83a4d2d4.png,TS578E4C
7d848307b7921b76db96884135380439076841b5.png,DZOR1P3C
7df1d24bfa86f659ee2205d891de6f4335bf23e0.mp3,ACL2YK6G
7e072124227962e39e9a0d6d926c9fb14bd779e1.png,1A3L7A1I
7e1f27b568b27b668283f1144c33efc5e7844c19.png,I951PBMM
7e5f7cf93c185af3f1aaf5c3a6e8e20d6b101424.png,OBBNWRMR
7e77bfe360336a40d1328e8ce187ad4fecf215dd.mp3,7SDODT1Q
7e83a582c8df6e9509ea59dbe6782600c95ef713.png,DQT41K6N
7e854de67979cae96f208ee19d8be27ab92ed34f.mp3,0JGUY8T0
7e99ac3757ecf261d2a9397e18075914f312c1d4.png,NVU8WEJY
7ea9ae3330df79fab882924b5977ba3a3f818efd.png,MEGC6URF
7eb99d898ecb73b686815619f77d438830aac3e0.mp3,VQRJ7O8W
7eba0dfc3ab5dcd10ea47c40cd27f6a50379e9f1.mp3,NWRRSLU5
7ed9abf2ceca7fcd56b4b1e2c7b1b0b87c0b817f.png,MPF8913F
7ee55ca11e8d17dbcc212e317c30a1ce244b4860.mp3,1OPZVI5U
7f1e1b0f8c947cb33a8f7c2d841ad67af9b961b6.mp3,SAP04S84
7f3ef37c7a89fcfc64819fe0f8580a5947ce2f2c.png,GB52HOJ2
7f6182949658c1cf5d0d14405fe86b0c29d5714f.mp3,WIEPCV58
7f69cdd004402f1bbef666591ee6b8a1b06e504a.mp3,IDZ6O28T
7f9e81e4c5219cc117f009bbf6f10d602e247f7b.png,N10J5JE0
7fdb840dd4db7c7bb6a1c741f3afd41ebfde696c.mp3,5QHETSNK
7fef8bf7875d2606326fc3663f7223eaede0c6ac.png,64KNH8TZ
8068bcf09519cc4f7422a496beefdbeba3a2450f.mp3,JESDNJ0G
808aedd0ef1dba6e137e17cfa2b3672fe594f810.mp3,0PKMCEEB
80c919922a52affcd3e79d1e95f6fa4973c9876f.mp3,SCFI06VL
81888b5fd05e5873e4d5303522cb3f1f6c409f84.png,Y9Q5QGJJ
81a60997d7b9fcffaf24c0d481b470948c9d4750.png,DLZ72YIH
81b50ea3c77980aac934b30f9a28bd8545afe6a4.mp3,E5GI1RQY
81d952bf7b920dc3fb630f725a808c216696fb5b.mp3,057BBU2O
820e816da8a96f3fef21227244972d19c49480e5.mp3,BUI5JXSQ
8219645c17261bfc0b0e080446cdbdccd3875135.mp3,HZR5J37N
8245330b67cd938e05522b9ab861283a14deb206.png,WECXO997
825a8f7d30938a133cd0347493da930ad5f89792.mp3,EI573NP3
825b639f590c2419bfc7d018b5ccd2d10467d85a.png,6QVZI0O0
82b2e78deb7306f967f6253c7d4f39804e092ac6.png,79Y8AXZG
82cc0fd6d9c16e997d01e1de06f2960d23cd037e.png,F9COUKI4
82f13ce46cbd3c2968f7a04ab306aeffaa83db24.png,UTZ7S7F1
8383084c0bc5ebd027aafd266abeaf6f8c598ef3.mp3,EAJGANCW
83d9780b3a463266eb03138c800ec005d4c300fe.mp3,JTOKOI1G
83f23104a83b6ad06c4c6307ac7d1706db6e4103.mp3,XMB5C9YX
8426540e92edad53616d0796b8c35227cde6ae14.png,7GNAWV8X
8474a698a3bdfbb09506e244af733bd599511c2c.mp3,MMHJUPB4
84960468c417d6308a684c85cf8cd2758370b6b6.png,NXL2XMKC
849b48dc3920f0d028697a08c2fa9db170b30588.png,XK7M3C5H
84a9594ae38a82fc5a658cea8564528d4922a0d0.png,CIJL0P29
84adc96fbe3be0507d299bb1460619e5d787785d.mp3,TX6NNT2R
84b9bfe8b55be312ec5914659618b300f5b956ac.mp3,7SH48C0Y
84c959a801c7f2c352bf57226bd4617b1be9f35a.mp3,HMAOZ79I
8511b89f6c4d15a947c3b15d4c768c40da0cd8e8.png,6163PJXA
8511fc2e7e7c12fb9c14e4447d81b9dbb687472f.png,XITXEQGP
85127c9cd56d64b219211850406e22ce466e1216.mp3,GFZHKK8C
851ef46c032c119c0c86ebab686e7262ad630512.mp3,1TVO924G
8546d97746f7a14ab13f31de23cee13373a435ee.png,W6KILP2A
85742b4850ed2972d13089e5e1bd6b5c27edc906.png,R3GYVEL7
85b212efbfae8e9235f25e4244dac5b5cd700338.png,HBCI044D
861b3dc69e724bb7963be63e9e54f3159bbf9229.mp3,UVU8H7ST
8638d8a0aa6180d04457a676c615a8817aa215d0.png,V87EAA32
864906e6172ffe3a3e3fad6b7fcf15d4e550e9c9.png,142LX3PB
8684c0ff9dea52391f59def6fd9f2a316cedb3a5.mp3,NTTGFQ34
8689256eb9c38e8102fb7eb0e82bfb596b233ea9.png,W5UB2FMU
870aebcd3ce89f8db6f7f4f6ec3cd110a8873714.png,Y63U15PF
8769825d5196f09b0e0408668bd56e4ffcc9e6ec.png,BLJHJH3V
8798daf773663318aab4ecae45f9229392369b55.mp3,DABBY92U
879b8daa39f4e8178e2bfb265277d443c3c92549.mp3,8BSCXMMK
87aec7f4d3d282e8b3b863cae0d84167927b771d.png,8DX3QXU5
87b2f9b0e86922cf12dfa7f339885e6d649c9d9e.mp3,BESYREX0
8818512562cda9fe461065ca32520428eac4dd7a.png,JV592HRC
885cc50466ba95ad4032749f740277a7f6f36a3f.png,6AFI4KK7
8885acf94e90b7838bedb1d58d7a60abffbc3f36.png,UUVQ28WV
88b1eafe1de0d54cb6f0b004694d0b461c38bac9.png,71YVK1X7
88be56aaee0908d043e71149f5249d491f7687cc.png,GCOMG01W
894172cf9a57d73531b0dc7397a7c2e6669da86e.mp3,S7SWRU0W
89ad0e98c2a104c80894d0ad0b63650c46f10307.mp3,SZ6YBXZL
89dad0bb6ebac3313b8a5454b5317cf40e4494e3.mp3,OFYU0OI9
89fded135ba186a74dd3dc7158c0ad6989159b2f.mp3,L2NB1GM0
8a410bd5c63d1531f6aed52b41acdba9af4e7607.png,D8HBFC4S
8a9b1150537e2816e9ce23b6bb233458cb341184.mp3,QONM8PM0
8ab337a9c445ca2f657fb4ff661407adc1c090f7.png,4I4AQLON
8adb49ba406c5cd83b92381115ab096571d12a3a.png,TNTH6X9W
8adb9561e4058904ecea69c42d2d5fd2c4ed4391.png,XT3P7P0C
8afeda2372c20e0374d612a7415678cc6f2fbdf8.mp3,J4G79OL1
8b203a48d77a58b0742118d310932a838b9937c8.png,98XV2U5Z
8b4ba960076d1fdc3c95141614953c08e226d754.png,WN6EX340
8b548cec04423c0c9a10e5bd34c75bc86c690d0b.mp3,QJ0WLK2U
8b6b580e49826718e263cea000056bd66efc6256.png,R8ERJRNH
8b7887d9f43a1655f2799c7396c2add995a8f1d4.png,K6WGNWZG
8bb2eb2d52f22103d1744207098d39d96d7857e0.png,7PJ6710M
8bd7f6b098ac6cd526a23350db329b829efb814e.mp3,RKDRJWZ3
8be5566c02f45687e354894b2c19b383d992b4a2.mp3,9FX58L8M
8c135bef2f4817a354601f907a6b0926f8a8679d.png,ZVI7K5UT
8c455ba07a5e0abf04e52589266175b939ff9a86.png,CG1XHCH0
8c84d10918744398e7466c0510074a9d87cdf1e8.mp3,IOZO5QHV
8c9fdb79033ecd0f4fffe853786552407f66f9e4.mp3,B1H9GTB7
8ca7f3fe36475152622a287692283a648131da2d.mp3,CEVWPNJM
8ce9893189bb8fe6cbcab95b55282b58a6a550df.png,GJDW5215
8d5f9b88908e9401ef19ac267eb85ea7235b1fa6.mp3,QJFKPQAA
8dbd644fe0ac21f7438a554d3cbf6991db3624b5.mp3,ULVWKG82
8debeab0f6a58376b66cf72103694a8185e256a4.png,GL31MNFB
8e1893980b0ef75d2d9f22e1f8ab9dbfeabc5399.mp3,5G08LKXN
8e2c58433ee6cd739504813a11c098428e69ddfe.mp3,5XZ4OYY6
8e42286c6a5da15a48cdeb2c8aef32a88cf3758a.png,RXEX4LD9
8e671a5d0859b527455f20b3295c6d8e44e97f2c.png,WFKRY1KG
8f0d58b35bd13c098e2a8c8624fc927ee42284cc.png,01SS4YB4
8f1ada10763f92a026c1eec0166822db4aaaf6f9.mp3,5B8CZ3BH
8f2a9ffa8084cd62b2e53852d6ec06f243754119.mp3,SHQCOSMI
8f2be7e3540365414139d10792f81f93118907c5.png,37VY5H41
8f39a6379455a15693241ceabbea1f0fd2540a49.png,AJPS3TN4
8f4692d6bba32993a0a21cfbcc8c81f10b80de13.mp3,12LDAVF8
8fdac4e8217fce4f651650730c5ea7f2b7d34f25.mp3,HIR4DBQJ
8fffa5b6d964b23e4088a2427e0f784102ded12d.png,CSJ736EX
900639841c0c70eedd87a5ff19bbebc0dacee001.png,YJPHG9U0
900bb3ca9eac1cfbb6ca16e0d645d8780f8b6011.mp3,2K7R4QPG
9015e2ac438dad4f0c4877ee12503a3fba036e62.mp3,05MBAV1S
9022425c6d020689e5e0ac1c16d60b6be57af7fe.png,Y20GFG0Q
9028db21633f3bae10f3fb29b64cf464925f87d5.mp3,VJC6ZXOX
904ca1dcfe1265b85f339bd832cd3c0d6a071dc5.png,IKVF5HPB
9076fbd5de129d95683a435e3975a326c0b68334.mp3,8SI6BGT5
908fee981f873a47e521db8522834e0c1ddf9249.mp3,DXSWHHES
9090bea087645980388e8966328d5fe49d757af0.png,K79GQPDA
90b5bc123bcaa45b0ce3f3e15592064956a260d4.png,BCL4QOGF
90b96a5006a6079b94902285398ee9b538ba0440.mp3,GLSAM3E1
90c5662a7b70d1af477220de984f8b8dd8896018.mp3,ZJ2R3HK9
90c751d95deecc2b71c1fc023698efc73a485767.png,R820C0DN
90c7cb9193bfd65b80ecbcab392a478d55803219.mp3,AFE9LGIN
90c8536d2ec1dee4f2e7ad007254f001d3e6eb63.mp3,N1KOVB0L
90f213fd38076050a40ec73d05a21788d7011bb1.mp3,A045XWJZ
90fd4da7211713647e41132044e30dbbb5c9249d.png,US87ZHXF
9115676a0009450da5d9b8588d268cc6aafa26ac.mp3,SYNVSS7Z
917c23b9845deb1730be4f53f6e5fe35df3221b4.mp3,E4RETHIT
91a6152da5a4229e6f35824c4186872590bd1e8b.png,J5QC5YR8
91c52945afbab6f81e368c67a7df47bc9607cae5.png,MJW1PJQD
9224c51ea5db65ac088974fd3bf55b779fc5849a.mp3,0IQWUNK7
9243bbf04ea05a83c5b24b1ed10ea3f3e19fcb99.png,1CN5T5QE
929d6a8032d537371409cf1dbcbdb292ac3256b7.png,IP09E94P
92d4da28fcf0f0d8ca1b3a7c0033b9c4058e2eae.png,DJ4GWO3S
93060e05d8166e6c4ba4696168cfb300003adf25.png,41YPJ7NI
93174b0ed684dde261ffc4c13497d2bf5dae1687.png,BQTBRZCZ
9331a1c5b3c9cddba6669e61cfdced89178e968d.mp3,ZC6NR8LP
9337c814ce791fc42a2f7b13c682f63a176e164a.mp3,C5OHUV64
9339e3953ebc27f9250b1071357f4dc3fd712cb4.mp3,J823QYIQ
935f8e9ba660c3a0b1b144416cb85358efc34973.png,4P5JGPBN
9368ed01afb87a301cf37f023b8b22394403ce8b.mp3,3AII0786
93aeb0f0e1b53051b840a26da93e1fc421dfa913.png,0A6TJVV5
93d0a7484caeecee492ef7847ca17b53b0222238.mp3,6BVEYYK7
945fb98c05df3b6834df1ad7daec0ba587f00143.png,28CEB14Q
94a9a643886af5a4f1e51948b2e6a291cdd56496.png,X0HU6T7M
94c17cf50031e1b00fd238e18e2148500b090258.mp3,M8JCDG40
956ce09528031a60a47ee0f4b2ac3f8646ec1881.png,BM555EIY
958282ee982d7dc4d6f19a64aa23ca82e2b88f45.png,VKZHTOOY
962df036526999a5fa112cd723ae11977625f79a.mp3,93ARCGZ3
966bbfa2b2c37cfefa24881d57eed0e84869c118.mp3,OXY0K7XD
96dbe3dfbf491b05f8c1651c75903f8907fd49f1.png,2B7ZESG7
96e4b6a65ab88e1e7d5363573a45c67810ee29c3.png,2FTWQ2V9
96f03d20299a64514110738cd8991a87cf89f64e.png,QTS3JJEI
9719b14d22076efd91a1752ae73969b9b92e414e.mp3,LZT9SR1X
9781f8e3b0f835ed8941ff943b9fb83c375bb61a.mp3,ABQT012Q
9794de07093f1e0fadd403e1b8fd93444b8423fb.mp3,PY4FPQAM
97dc8905e2f585f5141a2f6ae3aa5c83f85584bc.mp3,M66NL4A1
986c310e23ebfb8c0acaf932cb1a995c56cc8bf7.mp3,ROLN55P3
98a2536572709a1c89f079dcc399efc48639ce14.mp3,X7AUC3B8
98b0c98a7e53db19d7f4ad18a10769406e1493b8.png,QVYGXJVR
99bff676a92dd994af6f0b690a0624fba4502d90.png,I11EHH36
99d5c599e6a509e0836bf6f23986097b9b35a4b8.mp3,YJYD72TF
99f0186b00dccfa49b620cd216336b8eeae581ea.mp3,AECTTLM6
99f4db7e077faf0eab6d5041feabb447821c8b60.png,W3IHULFW
9a09329e45948ff3e8149e2bb94d328df1af8fe9.png,M1IX5V3H
9a467590751985dcbebbaaec662701b6a117d9e8.png,OQCWSF2J
9a5e7a053deb6f4e60b190148807211c787f0579.png,X02JP6CI
9b0fcdf613d3171323fa95137c86ff85b6552f20.mp3,9X4KSG39
9b107151d29b9c18d9245e8bb22f6430fbe49239.png,FCMNQVUI
9b7ef38c4ce367bad9304cf9b0d1ea24c78d6db5.png,D51P4HWD
9ba16e0413f136b43a2b35386a85f4961c9d19cd.png,LJAX8G8B
9c1be57001630cae7439ea5e9a4502374483d7e9.mp3,4BSFS8MK
9c2fad2fd6df3a379f9a24937ecaa03302f38f92.mp3,BINYYVAX
9c4bf450ec9f3d85059b9825a60f4bb771fc3738.mp3,3SJ3ELMZ
9c79a15c36216d88797050ab7a87b844a0d32432.png,9FY4GY79
9c8ed6ed9e0d982c22e1449a47782f6084c58a1f.mp3,E3N9EO9M
9ca11787c809563d0078e78d9b980a370830373d.png,AV4JZGNX
9cece1b771a603a0792b50addaaf80b19b58a7a8.mp3,P888Y0DF
9d124cb1935d44ebf330a338d80efc4d018aac79.mp3,0AIUUUS4
9d3514bf71eeab95c249bf2e416a394de5b6fe66.mp3,F76BD9GH
9d78438557e7f87c6a0189ea36927521791283f6.mp3,DV9N0Q7O
9d8e50a14a81e6806c4f70ca2cf351c596fa3f18.png,5KL24YA8
9dcba90f40a55d5c6f5a9d4a25f7fe566b8b3b55.mp3,VYO3K3Z0
9dde48f3526cfc6a67c00948011be855553662cb.png,HWX40U56
9de5a95f004f261d1bf67a6725ecbf9b825893c1.png,52RLR38F
9f9d3071ebf85d5448c7b0b1e2048f6499c8e064.mp3,TKF8S1G4
9ff4043f9a15d92623e66a1f37d89af6d5b98c6b.png,P56T2SQB
a0471934ea1f41fa840b50708427d3ba7c43ae64.mp3,QO4PH9MG
a0bb25d78d4e74ca35a1c518608236798cf81bc1.png,GUZA8HP5
a0c8bf7e6a60dd1bc1038f0122ae899616509e19.png,KP62VXIG
a0d54b06b03dabb9dbbc0d234a1dcf830e3cd918.mp3,4ARTSMPR
a0f1f64bbe043ca46487530a74cb3a5cb6ed035a.png,RWJTNHEB
a1146428d1bccf02c826955f2a6efa48eedcfbad.mp3,FT1YAGT5
a15e64c0308872886bd7d3fef4b0ee74c12125eb.mp3,WG8OSCXJ
a1adf02629ad4bf539335bf50384116bd97a1589.png,FVBT7XEP
a238adeb067b0b1ce1db1355c2fe500a09a0415a.png,OJMJXL7E
a23ba444e6db93809f3a738417032df81dd3f6d2.png,6BXSWOVQ
a255c56d248cf22d7f85d9820e59c66ccd99df9e.mp3,PIIPTNXN
a2938b9079b64bd9d3ea6c1eeb28fb3cde4b5cc3.mp3,ARSWSVMK
a29dae3506e46767cbaee42377933fd69e5e3c1f.png,J0DVMBG1
a2a80f004339800fa5cc33ca6dcbdd819afc9580.mp3,9B24A2JY
a2b29a7f56a8f3b35f7bb2dc309a51ed559e6702.png,SE4ENHG0
a2e8ea09b54bec787eb75226a45f91737050f69e.png,P8IMLWTA
a316c03ecee082d14e1eb68ec50ade3ee20e149d.png,YHOS2V0I
a3317a833e3376303bead402451377272a673d26.mp3,D6JBSLV6
a34bbaae3823cadb403d923f79bd8ad90f610380.mp3,PE9194P2
a363858d3a83f7edc11b2537a288ca5748f9d9f1.mp3,FO515NHH
a373f0ce79725bf50d5da751b99a6f310c878696.mp3,8IG3UX01
a3c3bf8956efbb7c4f6ecdc7063f2e769490839f.mp3,3Q5BV80I
a3edec3116b1b280cfef2589d0ee071bfee01af3.mp3,R6ZART6N
a3f1b28c5498cff2f01550b940a6cf0072ca4d67.png,DEJ7YU7D
a3f2eefca7abb4525f7b4a7d52558f4fd6ff512a.png,SE1BHFMH
a4057705ef51d9643dc5cc3771171b5aa205d787.png,OYEVJ08M
a43b8813fdf9c3733cce5474d7fd57b834dafddc.mp3,04NJ3XQR
a45e34a9aa642c1e21362d5bd099a83bb658df03.png,G8F2ULIJ
a4772763f5d747fbb3b404faccd94836520f6b29.png,IOEZTSDB
a497acd8fe744a1f6bd12f320ad80380e87dc386.png,B30G1DYV
a4b7a150edd456f80686311f74c48ff61594cb55.mp3,B41WZ7PQ
a4bcc403b2d7a4c065cb56657248630fb19f3451.png,UXHHRBCC
a57046cea75a1d0ae616ab03e6fef47fcd1c0d49.mp3,JFYHV118
a578e87c29469da21c4c4c289acbd6da5dc51fc6.mp3,T55U8HJ4
a57b8b70b83f483dcece2a54aa01529918bd3fec.png,JWVOMTJK
a5904ea219b6b8518efb297382709fbf0be5331c.mp3,X97JI29K
a5a71a6f74cd5176d96188241197fb140e344c64.png,G40C37DO
a5e5ae133e39044c510aaca83c589bd7de2f7404.png,G4USOV1N
a6116873880740ef0de797370d9828bdfbf604de.png,3HFMIK75
a64743563fe47a1e038dfc142eee75c5ec58e5f2.png,A8FJ3HEP
a64c9cc4c964f19f27764c6deb73b33f0fa419fe.mp3,Q48AQYVR
a65705efc377dc45015d2bae5f23e8776a1b8c11.png,500HNCFF
a677f8b276c92c629d2279bdd22ff1769a1c7242.png,19LFZZ4C
a6a455b2b66d5f338d71dcf3afa50aa38e1e369e.png,US1EV9AF
a6acd0349b665eb7541290d32451942a357d38bf.mp3,Q82EXZCU
a7318b359a81fcdba380ea37c0cc4957cae68ce3.png,8C4L7W8R
a79c6220e7d5b273796efa78a934619146c54f71.png,IM6LUQ6W
a7a1a1f48f61fbb6378ca8cc767dd38b487eb34e.png,YRD6INUU
a7e7ff534063d95c12952fd58c3c235afea88e44.mp3,R7DAUWIH
a7f533802b94b6e555fcbe73274cf7e271e1b4c9.mp3,G3OVYCEE
a8149f49bbccfbb97e87a589d2a842f0080d2a20.mp3,4S9V3XRX
a866d9c934433d7e5a0086ede8d763bbff8eb7df.mp3,FDCFQUWG
a8c0b03762e7457d7f05cd5104c81e467ce7d98f.png,8M8KBTIW
a93398d6cede5c609337a0ec819f660a20573d61.mp3,2OH749MJ
a95f45a77eeaf22825dda455f6a2d9b57dc03a0e.mp3,2IFX2J4J
a964a6bcdc7b1097e796cc4a530b03ab0cf5f17b.mp3,C20Y999P
a96be999a5d5ede7cf678208ef0e7d62eede619a.png,H0B7U8A5
a997abd542b2a72bd0f546b45105e57ad8ab28e9.png,7XBZLOQ3
a9ae0884b5d27878a500752992df7ece553b0c18.mp3,L1DUEGGV
a9d48a8b5efb22b140c19536671b680922488240.mp3,SAEMGKLF
a9f0fca74f893d596bdee1037af1b4a670750431.png,WORUCV26
aa259d29883369963385cc47e23e226ca6651681.png,3V9NUD8W
aa2802e90a6c84caf56e931f14f8ea5713a4533e.mp3,84D118YP
aa74a60e0a414d11b5b338b040e33466a0199fe1.png,IP1SB1ZZ
aa8151d7c21690ba5b469370c30e5f5823b4a198.png,HXHZKDO9
ab4c630fdfa67694b483d7d0a2e8ba8c262c6128.png,YFMBDZBK
ab9ec79dbb2f4a4ccbdf572cf52b5c54cf730c40.mp3,VMV6TO25
abcc0c90a8ca16afaec5fabfdd856dda6f2d3242.png,7SFTKKBI
abe69c9c80757155fb3bf0dcc77205901f5ae89c.png,CTTB17TI
ac26cace4c58f2621b8621515936ca686043ffad.mp3,1VAEGLI7
ac341a866e65a1921e517199f84aa6d16f3bc463.mp3,YBOD6YM4
ac47cab8ec679477969627aa7f1c22d0b9bedc53.png,78EJ0J2B
ac9589bfb6f4de170a98430e22801db3203d5ec2.mp3,5NU6ZY5G
ad093b23d202454b96e8da5ce54d77af79703314.png,OQR29OXX
ad364c069b005db5bd18ae84f9e33893415f9ebb.png,FMWWOQ1L
ad708ea610dc2c4afbede061f4e4c1ee3e7bf67b.png,0DXUCO0Q
ad91afa1f8f3b4bb109d76edafcfe9be0203ad43.png,UR9YMPVD
ad9db4d93506da1d065f54a480c0f64132bbc0c8.mp3,9DKYXWN9
ada32f8c04f22affd85ed879634d4aa28ad28475.png,PWMTY7WN
adcbcb7fbe7bbf0f1c43ba2133e40177b8a0a937.mp3,CLVS3QL7
add1b9b2bd12f5d38bdbd592bd5b4454547aae41.png,YRHW1GWE
adf49928606ca56dbfde0f180365ec0302f5d50f.mp3,1CO766QK
adfaaddf040d943a7edc674b487bb8fb888edb7b.png,0SR79OBS
ae32b967b4d2182f410b37494543f843971c1025.mp3,2YCBIHHP
ae7e57eabfdb2897c89440a771b8eb5f9fbbdd54.png,QV2QEA72
aec316e1b7109b0ccaad71d5e68ccf104bc7e7fb.png,YXBT7PGD
aec541ed92d23d5e8f2fe1bd3e756748f418ab59.mp3,4S8WFW45
af5d305fbaf028b094f260e8304fdbe77534f73c.png,E9YWGNWU
af6a741884f55bee7fbe7f320b50756597e6f80f.png,BJHXMJIP
af928baab913d1e30886b23667ce4610580e249b.png,AZM9Z7TF
af9955a6d3bb735144a57be5e228f8745207cb82.png,IGX9EV4K
afb6ed6e851403b74611f5c46ca34eeceae68961.mp3,XNGZ65FU
afbbb05a79003fcafdbe4c8937a5a83af621639a.png,AGDLAPH8
b07e370dd6db900ae78990d0eacdf7a9939b65f9.png,Q8TM6PCR
b0d925d55ad8a9311f9e7eb4df10f362ff4001b3.mp3,5T8D19K5
b119a38c5217fc79223534fd931f1305951ee49a.png,YY4IQRXT
b131db0dc7bc54d372badcc935c0ce7f172f5c78.png,3G7SG4I0
b161f7ed375effd057a9c9056a66b353cfb7a1b5.mp3,5N02PSW2
b1704235756354c337a74f9d76556b292ca1fc39.mp3,3T2NFVZ6
b180153fe3ad622b859198dfe52f685d33f45e79.png,Y51WHPLD
b18256f072e2272033163185e0002da6aaace3fb.png,157JS8S6
b1dd4ce7affa6c1d4cba1a0eddcdd5c3389135fb.png,K5G4GGDM
b2239e17704daceec343f3e5b77a00fce8203af6.mp3,0MMU41SH
b227776f77366eea19c22e4cb0fcfae26d411fad.mp3,4FYNQOP3
b277741511fde79de3990b803f65c0366209dfc6.png,IWFT73O9
b2965b23f6e26a91a4d10f0e68adc7521a0560b2.mp3,AN7O4CM0
b2c713be875bc1bc211eb762a1845ebb1d59b6c2.png,QTKKI1OH
b2d30b460f04ef58e5b84e3f460c840770519624.mp3,FUVWN1HO
b2d7d9986645e8dd8f42a9a1016b5abe025a5b51.mp3,K0Z3C6R2
b2e8f5123c56f7c5cbd5dcc3f495f6357347be1e.mp3,M2R99RCY
b2fd5534b9dbc06bdc5b73eef4f014f945939f06.png,UGJSWFFP
b314ab173be5d86f6ce69c1ccab1c44a9f706c1c.png,A9PHXLDP
b348f97d8a9d673f2e7e913faf4695debf08c690.png,NVRJK5EY
b34c1fe9178fc4db72b043c91ad30e2b41e2b1de.png,JT5BR6SW
b358a016a505460e021923ef698c7c49f6730eb3.png,88K7MR4Q
b35cdce1a172e48b94152dbdc3df238f018df2b1.mp3,ZWPARMLB
b38816536ce250d960c14fcf8a181b0e7e4dabe9.mp3,1WBI49V4
b3bf64071b22dea2a278cb1989d86aa308d93443.png,48XSVOK4
b3e8b1ed536fcb59bc57ee2a32747475d0acaf77.png,7OLFDXY0
b417bac21811c18b5e8e0fd95f6c4dea4321d3ed.mp3,2CH3ONS6
b431d2be58b8f1e3a6f9e29af7472f1180f448f7.mp3,ZUDRF9KN
b47abe1d21f00c71c60ae4396a28bd767aa65cb1.mp3,ASBJL5UM
b48101b54045868a4a3593762e7055f8b49e8405.png,DACKSQ87
b4e67a54637c11f7a8206c7a6367d371e8455925.png,QKMWQ6C1
b5f4134768ac02922ea40738f156649c1d43fcf7.mp3,NM3A84A5
b648d3bf06f06f6be2026abdd6e96995a0bb238f.mp3,3PKCPILB
b69ce9f63fb68b92fbe9c0602edd4829207d9562.png,H8XQPRYD
b6a84a78c4d0a4af1292bf95e9c15f8eb3dc20ca.mp3,SHKXIUJP
b6bdcfe382775d08b26bc398c0a1bef1c5565a3a.mp3,NFYTKTBQ
b6e920b1dc55788b81ba1e69bf55df868bff82ee.png,376KMUY0
b715dffb8a4e6fd577bdda0558cef2bc421d6eaa.mp3,UH4AEJ40
b75d74f56d21788120382a3deaad84d81608c71d.png,O3MA36YN
b7855eb1122001feb7674b75449eb2c4e6bc2895.png,JZQJ86O6
b78e05ee55b7959ea901484be564f61e1392fc72.png,X0H3TPFV
b78f47a0c68570a346a091803df00ad6cec5dc4a.mp3,R4K6WO1E
b7b88f5263d2c4c722a4309e34de336dfc0675c9.png,IC6Q1YIR
b7f44c819c00ea37b60d5a5df084f1116f57863a.mp3,TZCWUH44
b824822a914672b9e8cae4201f42dd52213af31e.png,R2DBDI7I
b860c579afd76781effa1966e207fa7d11d57a1a.mp3,PGNVH5RM
b8817ad19e0c052e2d87b129abc1f8381e694c7a.png,OU8D8O0O
b88b74390269daf8c2081a02c47ba6016fd00952.png,KC7QZMG9
b8a82a31f17df3c62a0246ba96632c00f5b7cff2.png,82BFWBOD
b927d5bf5dd0db9eb8a7e595448c63fa468c036d.mp3,YW74AVQS
b92e8ea14d5e73f0c7ee29b155dd94e1761a45c0.mp3,KJNENJFN
b955f5852e710715a71995de51a88180398e7ab9.png,G6X2B8ML
ba607bf4e539f1f50f412f923f1f946d44b7ea8a.mp3,3RUMED37
ba995962cb89b73f094abae8a94a2783ef0461f4.png,6KQ43K7C
bab2c286ccc2eb92fe0946d1f568c2e903ef3edf.png,ZYQMYS3W
bad2b162720eab91ee08597fb67fad2c36c0012f.mp3,W3868M63
bb18e8d5ebf9eb5123c91982b5d134ae8497f734.png,FQR6GZOJ
bb1f92e26dd1187b4ee0f168c537bc7409a2a91d.mp3,NUHI2XPM
bb2e9a40b0b874c484d35389c4cd1d5e8f429f2e.png,QPBL9WBT
bb4fa1b77af910456e9e398462c35345b6fe5d50.png,XEY2NTYE
bb8efa06b0bf54f8b7305ad2ca727353db4b6219.png,IOIWX6BP
bba0967f770b3dcc1ba7ddbf25ecc1068e9a41bc.mp3,YBF1JD5A
bc011e0b88bde796f027fa53a158088e224b18c2.png,YNEMI2IS
bc153001e0f92b7370ed107671ccdddaeb549543.png,EUS2Q2QY
bc240f38af6bfc4eb96ea83b92e50f9220912a32.png,ILKK3NOM
bc5ce249bdbd74c19a2df81ff0b77a33b6e860b2.png,F837TBBT
bc6ac2029022a6438dc23c3334f25ea4bfb537b8.png,WWS22GTZ
bc7777f8d371941e2062c0550e7d7e571b9ce3fd.png,6QS48PIW
bcbcd91ac550941033ff068b565c5b850aeda9f0.png,KDPS8U60
bcf8b070dccd7ace7b2b54f1c98f2a7c5ec9d893.mp3,BRDH8X70
bd0aab3617dbebf9b0a5bf15215c2e005cabb496.png,R835581T
bd2c9933130cc35791b3992ff803c8ee45dcfc00.png,TKV36LRT
bd4e861fa650e92d4a86c1be77d33602e3375213.png,BRXMI4WF
bd75de74998180007954edcfb4000f48dce8782c.png,EPCJR31E
bd8e4c49b7b55500585754bc33e559b6b42e5077.mp3,JC28YM2I
bdb4c39bc967ce71158844019d943d53b6ab90a2.mp3,X6F6V0J5
bdbc2a5609ec57a421ab24fc2215cc3e085cfb3e.mp3,IYW0WNRT
bdf71dec7229900d6797a539ffe2b2a68081b546.png,1YSY67PG
bdfd1fe94b23cae03e16832ad97c643935ff0ebd.png,9DOUYFXM
be21630569e84e68b0b3ed889001b75b5e58f233.png,KG0RON14
be408da3d72a55958bb8e79bcef7971318df604e.mp3,F6UV5RAT
beec50062cba9a5a4a02969f0d336faf6be24175.mp3,SMZM5NIN
bf06ee4a802e283bf7104e53ef5377f115d95f01.png,DW3U14AO
bf177ed26e359424c325a3f250ab9d983ad7b319.mp3,09864CBP
bf65833a0dd809d7802b66c481abbde3384e2480.png,FTYSLWXF
bf73ca2123c892a897160a123289e99ad194bda3.png,EUFB0DNE
bf747b86c680497608c254984059e15aa51c55f7.png,4BZJC3RS
bfa58d7266ad48a43b75229602347bd62b2070a1.mp3,PD1OIPXN
bfaf90cc2c5033e13fff93cfb8a11cc41200aad7.png,I3TQGS0F
bfb867f3b5077b7e643432682898a1b0deafc325.png,GN54GKTC
bfff5e1f94e7784f098755d73f96a47bef18c697.mp3,AUU9OA9M
c0223db70481d8ed7aa678151fb5eeac8822e516.mp3,STT43M4T
c03b25dd988eefddc2baea12659246fc9ce40f92.png,5FEQGWVS
c03c2c1c919bf9dab52d417d081222843de161e9.png,6OUDYMM7
c04ac34bcae8f2de6eed87fecb09cd6f81e01ff5.mp3,HOL8RQ14
c079ff8ecd9d7eafd644d5224ed500616c209704.mp3,XILG7HLX
c09065fc48d4a38d5a7766ae9f3712145a84c3c6.mp3,8F6RK8EP
c0b932f6cdb98d9cbf1979ac9961d3e738323ab9.mp3,I0LRI21U
c0c99d408bb71037d3f02446bf323b190f1025ba.mp3,DK8DUS8L
c12d67d4137fe72cbac6761b87d71daa8cf13cf0.mp3,X6QUDWPK
c1e5ff06d87769ec927828bb7f9da5428b482059.mp3,RO2T6WAI
c1f815cc4504ddcfa30ae85b151de18c9ae21cd9.mp3,0BS4J075
c230885a0a0461e8a6b217eeba9e1c6030a0e81b.png,OZHTCQ5X
c28770a0da5a89267453483eec27502c3f213e80.mp3,82LQB6LE
c2c709ca5ea6f1930a3dc5d8e9b71a31d33f5149.png,8RHF68L9
c2d522e088ede4347c6024c4b6027f6a9d4d85be.png,2W7L8JO6
c2db62b4f9eb43a46f01a6de774438f99b58b9bf.mp3,KXNE70F3
c2e4c25296e563e7101c701ba2f0b2acbd71c6e1.mp3,73GGGG4E
c34b1ec8b29155f8ebf8a5bf05a6684306cf603c.png,DYGYKXG8
c35afb86cc43cf63ca6a037c5fc6d06657732271.mp3,L1PHDMWC
c388cdae6f4b1aef32606b4f783104a0f9e1c54a.mp3,CAQBXX58
c3abdf3d63588c98dcdae1cc6933a7181fff1b68.mp3,TNVTAAZA
c3d085626845bcf87aced1251f675d4f7ba4e6be.png,73VCPY9L
c3da2bef32faa08259d062a6690617633d47e17e.mp3,OUY1LG5A
c3df3465a48080d7119e55ba920dde27aa85f6c5.mp3,4LHGR913
c3e0a4844b51c4b12865e409a8dc2fc3fdf62fa3.png,XBJS4NUX
c3f6ee1cfb38f625e67555c45739187b8b66ba33.png,OB8SM7PE
c4820277bdd4fd8a154138d784bc285161f150c1.mp3,CSR7QSG2
c492616a429e0e32f21680762388298a6977d22d.png,F7WDGWVR
c4ba27a185339238569722d9eb2dc011ce2418d9.mp3,JRQV62Q8
c4bef5969851b5fa47ce29fe39dcdee48f5b6441.png,VPJI1YRG
c4dbd82c5da115b5f7ab3c7a4aec24b6f7cbb8ab.mp3,GN4UEQY1
c4f36ec663fbc79324b0987db8d21089747ca62f.mp3,0ZPY2AGQ
c52d6262d92e050fe7da2d1817fd7db953958de1.mp3,JVYOEAXB
c536a794a3b9c8a6f69275088d237f345f242290.png,VCAVNV4M
c59c89eab0eb3e5cfd5770be8ea77095215d4e18.mp3,ACYTL8Y3
c5bea04f12746c016b35bc60f7990e8b8af388e7.mp3,PPQLLWD5
c5cd5490f5136b04b4d3a3c623d2fde0094d84bf.mp3,4KSIMNVI
c5cf800d91e8a902ec571d59668ac53fc8cfef1c.png,CORQ3KUQ
c5d45f3a517f9e4f0af248befba8211aebb82f08.png,AS6CDLB6
c6241a3f56baae92f60c2773f40aef756008480f.mp3,TKVU7ME7
c6266ef3ab52753a6d50d45a299764cfe4cfc527.mp3,80RD0D9T
c630e93ea7e91d26cc78c8a5ce4988bbf50ef89c.png,8GXNC31K
c6609ca50becff3c0113dbc415169d252711ca7b.mp3,Y8Y3IQ4H
c6827bce7971eb5c5da14e86e33496e8bdca67f6.png,BBYPPGZY
c69f65994230b22998ce05babcf4c93827835ff3.png,JNGGXKOS
c6a1d038f0d3268fc10ed69cd75fc586ce92495d.png,P0XGVLJG
c6c39c528a03136bc45927f430cdcdda877d25e3.png,8I14XNNF
c6cfd0895e065aa53939b6022e9a016dafb61c68.mp3,CCF9JX47
c74bd8d39d9a948bea096d711adc27fee8f8905c.mp3,H8XPGSNX
c764be4fa1f9c3d08b36cf47ab55512a80a1777d.mp3,U7GVN7I6
c78c74403e306829bb8df37e146639ed97c95f97.mp3,EHU14GCF
c7950de402d74dae5376c7cda1c1c0b5d7153629.mp3,NTP1N7OT
c7c924a523ca57c30e39abe82aa2f1a05d4fbe6c.png,6G5363ZD
c7e3b22f67e5fc7214687f0ab696c846a8459226.png,FBIYYX9E
c7f9961170f300bf10074290eef74f55b4ac3636.mp3,DMQ4PH60
c8093e672e6047175e5762de860408044a121f80.png,646QGSHT
c848d9189c03fce826599985aa3cc7c64530126b.png,SSDXPJYN
c8dc344b4938509ad45485a1e6be6f5a0917f326.png,RVQHQ0XR
ca1c6050ea4f48fa8e9a369ee4f111dce0ff0602.png,EV26SYHP
ca57818dda96a339ba9fbaf5d07e69ad36169e79.mp3,84ZRGX0V
ca88fd3ba14006f9d3a9705e3bde9158fd895cdf.mp3,7786VNI3
caaf0cd5edd312b89f92ff841c731360c8b76911.mp3,GJN3ZNV8
cb03b357093a65ba7702eea58ee0d3790b725a29.png,2HRROHSU
cb07a7906d5ca726eff35f9471c060711b4e8901.mp3,Y8Q3XFF5
cb2030e49a4b13bf5666a3cbde9147816a31ccbd.png,93MTR2IJ
cb28e92a80b953fa2511819278bef3da82c33bee.png,BB5X2PPH
cbaee0762d9be29f87266695e5398920c2ff6cee.png,ANCFML78
cbde107e7ade0ed0fed8e50d9db6bac5fac19ba8.mp3,DWBXIVV0
cc42cc7477b24400ae4fc0886b2ca456d0d9f248.png,L2S0ZSJ2
cc4d0e3645ada9123410c3802737e55f23ddfa40.mp3,WG4ZIJ1J
cc6969b3869ecbc629410d0d0e4abc4570755ace.png,OKR15ILO
cc8262e8a1780d72120dbc884fdb81c86c5e56d3.png,7VN0P4QT
ccc33466708ada1dff50562205c218c1fa952081.png,OZXUFW73
cd02489f03169bd612ae14710d28844215debc95.png,OYJWP9P2
cd0c94bc78161e089454074dba59bd150a4d2f4c.mp3,GNF85HSS
cdb1aeddf3d63b9a3d80be8e367c36a14bf77b03.png,AWD8XBRY
cdcf19022e4d7dafbe9109adda6824ae8af0f8d0.png,UWOQUFVR
cdcf8bb898171e3c163baac4efefdfcff59883b8.mp3,8JHDL2ZL
ce2f8c98e89221bd25c1b3700cd93e6472c7695f.png,EE6EP2PR
ce6807299697cd5b45023c0a87e977010c40781a.png,6JT9D7CF
ce6d6cebef818cc160c8f0dbe2cc82e2c2fa5a05.png,UENEN3QJ
ce8d1f2640057f94ff147428fa8da47e81d4330b.mp3,F6RAE9WW
ce958a100d492cd6ed2dbbef97cc949aad7ba460.png,7381GQ7D
ce98cbed4464e38a6489b9f2d7d9bfd6f724273c.mp3,RXPCFP6P
ceb1e79beaed4217ff1b56b8bd353c9a3d7323ce.png,OWVU1AIV
cef093ef0fdc4b7addc8a17099aeec9cff73cd3b.png,LIEE84QQ
cf2a1ea5a03efa1f0843a1d29896659079e5b80f.mp3,YF845IAW
cf4137ea776910abb0b732bc73e919dfdcb451f2.png,A9E8A2M6
cf41407297def4560212df79ce741c74206fc208.png,EFYTR8RR
cf50d33b8e670a8cb5ecf32cb3f89a99e5607559.png,8DNNOAMR
cf6b1431195351b179565f71c08601e74e1cedab.mp3,7XWPPRQV
d0088f7bd2d886a80fc5955950e1a9067f4768f6.png,P20T0TAX
d0403c0a92f2e546d1aadb315e0ff0ac5d59060c.png,OJKV6JMS
d09582a5ca291ab8a5d7610fd0a86e0fcb802721.mp3,CI621Y7X
d0c8823bd6fb3e590a666ce6530be45630bf40f3.png,E9TUOMO1
d0fffe27b166be0a7a4ac9743c9ce55398906415.png,6YN4Q9P2
d1117d47b02a8e6b17cebf43326358d03c99fe54.png,LRUTQLF4
d1995eaa9408820b920aadcc6f0f6d234e3e81b0.png,UN8WZLRG
d1df53313281e7284bfb7d0941a196117b8b8484.png,RGUHR0MV
d1eda9d54aabfb0fc956ea95db29987ede600fa5.mp3,1O9J9LDS
d22129ad9bd39683010f022783ecaf2dafc5bb58.mp3,0WPBJRV9
d2388935c5312a799062b39ac2859c3cfa952b04.mp3,ZNM9F707
d242e58450caee189ff60aca36958b2680ce01db.png,729FVNZQ
d243e206264e67351ba8666e706965682d704909.mp3,TAZLNIXJ
d24b5532ce8b8d303a4323ad431cb9fb763e21f1.mp3,X2DAMROM
d26e24d60cdd457517a33ae59c657f9acaedadf4.png,U2EEL2YW
d27293eafd0bbaabde5458f2ccfcdc6f27c1d42b.mp3,JRQ93UWS
d2738143a301cea8a64822b1cc0651e92a69245f.mp3,0AU30WKL
d27acf25c8533811d108dd0e7f5b52c9eb962e9c.png,MUD64KQR
d2a03afa647f7d0da728e0283b60259dc0944656.png,SX0DW3QD
d2a901f9b8bf21332af72411a621bbfac508faee.png,6WTHZLX4
d2b2d131dbee8dabbf4833d88777fecea05bdfbf.png,9EER0PNT
d2e6b6d7f89294866b711fb8f85f054ac0e1a973.mp3,C4D28824
d2fce62ac2e437ba7746ad070bf796d67da4c843.png,3DCXNN19
d310108be60cc3e111c65359cb8be206a992c3fd.png,Z62M9273
d315ac5d9392b85a02d7f3b4b0ead4df0ebfff2c.png,2EBMB0QG
d31f77246bcaedea8a5ab31d972b029203814123.png,F61F2PI2
d32154cf4b1a63dab822cdc2a025b3821d1a915e.png,WA4VJ3UO
d32ae071d35f41c554f65c5e858f32663cbe92d0.mp3,XMQIPJT4
d37be8e6ad145c86a260bd2dc80360c7b0e04f41.png,P6QARQSQ
d37c7f82a1ba71bffc573b17cfb8be68417e5401.mp3,C7PM02AA
d38c2c884eb3f8717572f8195b82507970a429f3.png,SKUT7553
d3aba8a4160293c13d78b9aabe435053ab8c9f95.png,8LFBQXKQ
d3ad4b2102932ae23c7d356e43b09021dd9fa49e.png,Z3JV5PGO
d3e4ae0b1e642f298dcb75cbc77437f4e8a93561.mp3,DRUPH3US
d3e87534b0921657408a6305e43f518370959bfd.png,FBW2SFKW
d3fab594be7f91cdc10e007398b356b00c66e03c.mp3,BI4YCIAW
d410dd37841671461028829148a889de1a560c22.mp3,0M8LYYHQ
d41b4114f2c9b07a606db92ad986c997915212f5.png,08OS5GMD
d41be6a71d164796b07aacb1406a633b5f2658c4.mp3,IZ4QFXYL
d4341417136002f53f2d084b191541a5c5c4172d.mp3,M72JP409
d4807e2fc750abac78205dd0d0210ebb1534c087.png,FGY9HEVE
d492e4dd7d990dd072c99d2c1602b0e485620fa2.png,HVD28J13
d4e0a241cc4bf3d56ec1b9946098ab95198b1440.mp3,QJS344M1
d56365a9b6fdea331581ee68090591c63d3269e9.png,CNG028XZ
d56fecc78356a990a1f8fec5365197cd8feaed92.png,XZIJAT1W
d579e039a1d8b83fa7700c748a80d93515d248d6.png,JUTQ8XHH
d5986ff4c0c57076597450ef187bd5f8c4a5feb7.mp3,DM8MTMIN
d60de333be0628e49bb30a42e75b3f230507c7e3.png,63VXNVVD
d6570099736b558be16a7287fa3ff0ead91c7a9a.png,QEWD3EBN
d65dc4d35d5f5df6b37be9548a72c38239338bfb.mp3,QCVZQ30X
d6b09053597ef2584bbe09e66e32d09368863be9.mp3,PDKKXM6L
d6b7c743361effd04c59db079937496641b00cd4.png,5CCCJ9B8
d6bb1162b41019e54467f5aac4c7a24f8faad291.png,J0LOHHTF
d709b4bfa4ce10082a44b5ccdd1039abf8621497.png,YDS9ZF0V
d77117c0d6779797fce5f643f6e57630918106bf.png,Z823LCDF
d78d47da67e81dd8eda127e69b12145afbdecf74.png,1YROIKP3
d827bdb9772d5cae8462ac41e0804336d8d5c03c.mp3,CDFO8DJ0
d8758311c986999c76bc5f6a21276239b2ef7db3.mp3,LX4FLVRV
d89854624a382c25c9c21ffc95919bae7fd82da7.png,BFEVOXOR
d8bc1a5fc054e973e8ebdf8a32d5c5746262d3af.mp3,RDVMXA4A
d8c848c287b08e03af3f4c971e93e947a5943387.mp3,KQAUW8PI
d8cc9dd4a4ccd0d88df3dc2d2985106b25705bca.png,6WX473I0
d8eacf55031b2fa8939001b39e617957f9db37e1.mp3,NODHC505
d917cdb9226ff711ec827baa3017c81d22b33f01.mp3,W5IJTI7J
d919d950392cac2cbd1d09b5bb75e283c3327a0b.mp3,J1393RT4
d92f54a0e7df0d36781dd61f337006590ce4001b.png,FYXBENL4
d93efad6cc79bcf812927e8ae75b1069156e4ec9.mp3,2L7JGH6G
d95e00d62ec3c79af897e2d2d61bdb291ef9d072.png,5505JULS
d963a940e16b2e234d70b3332f3719ffe7a3de5c.mp3,IWKRC9SN
d96c89cae9474235dc52efe20d2570ccbf00b751.mp3,XT99L22F
d98dc63d4774e097e3befde40d09d80293c8e7d5.png,OWD61TIC
d9b3f11cdb1d1ab17aca610ec793337aa1312c44.mp3,ZG9RP7FX
d9fbe23b49842efa2f6eda83f0f5ab8c5704a2a1.mp3,DC8XA6FM
db0027bc70e56abb6395b26f51e510dfda554fcf.mp3,72AAWIGT
db0ce5819f1dec7f06dd868ef7d8badb06dc6a79.mp3,QUTTFQV1
db7065de1c1a468bbc9ffde90f630c6750dac1c3.png,5SZZMM79
dbb79628d3fd03c159c7a384d8cf03d612af16cd.png,GTKHH52G
dbd139feb353e8566a69819f485f54093cdf4ac2.mp3,SAYK9631
dc0ec701f23662c06704d7040409171ba101872a.mp3,P7VOLQ2H
dc2568f45b3bdcc301290fa83307469f432d36eb.mp3,Y59N7YBZ
dc46fc7db23f14c7aeadd09fb01a23d7b14f8923.png,SK4D9JR9
dca343eb26de32b763b57e7abc83b8622b619eed.png,1K0MPY7F
dcaf27a91e6754f5ed3baf2d0a0c1e4346e4962b.mp3,DL5GND1O
dcedd77abd7ab45937f9858432c86a06c441b46e.png,4K1PPBFN
dcf784fe48125d7abfd9b63bb7009f72c6b4b541.mp3,4XITIA7J
dd0207f35d56988a137a3a40b4732747a77038fa.mp3,Z58GK0HA
dd054a027b51f5c9fd81ebc5b06963571aa076bb.png,MYBF0GYN
dd061d1b5a82a36f8c71ad9aef746bde7af34f4b.mp3,75KCTDN9
dd1c989a760d020848973a83c2f46d6af8d1662d.mp3,H01ROKF5
dd362349cef531ab5cf204bb5fc6a5b86dbdca92.mp3,XSM3A41R
dd65e0c3d776b3ce86f6a8a3ab822c310c71cc09.png,1IGYY8EN
dd921c0ff5c340dd6f707f523d78af8dee53ee28.png,U1W77W59
ddb8b215128b65ebcef8afbeaccde7df7b7c17b4.png,N18SMOUA
ddccb81f8dc5b48a03fc52a2221e37f0d3a2a853.mp3,9GFYU97Z
dddd75a2f6cd6de696d2e332668bbc769568e7e1.mp3,54O0RGY7
de0c6c70bc949d81e16ffca25d604fb1a2c496b2.mp3,NZEP50CQ
de6e889b5071895d5dbffe04a5ef5bf1b7e628cf.mp3,8UY66X7Q
de9476928ab09af9f35cc349599c3bf77d55ff9a.png,XEYBC8QP
deb4e6b0fb316d12c01072b4d8ef8ad67af84349.mp3,5Z0QPKBH
dedb8c2420789abd94d9e976b8c2be9212b09c65.png,TDFBLJVM
df0b88331f589a84831ce8c3be65dfb5418707ab.png,484OIKYT
df5d105157ed10a7659bf26955f05af7aa033b6b.png,ELS7L6HZ
df5eaddaa8e1069db70e2811bcca1627dc509fea.mp3,Y9SE10QC
df9624461e74b528bbe8a71934295a7b4fdcf105.mp3,MUMSJ2MQ
dfb0884cb501a99e4e8efe67c826d102f38724c6.mp3,SPHIGZW6
dfb5cf8b90c297a71d0bcbfd4726f44d203fe364.mp3,CE2EIFSC
dfdad7c750ee337d8ab34644b5d2ae17ef8f4839.mp3,77UYYZE2
dffba791bd56f6da5376edc9719e0bc873b2241b.mp3,GA3SKIMT
e00721535a3c9c5f3956f8bad4c8384d3219b349.png,4I6A31HN
e02da625729eef14d84c11bc3d6915f7a9c39282.png,FU2Q452R
e02e14b99c2917b1c726e1ab497380b082463193.png,A6ODXHAF
e038c998e3d276901c1c5b62be9ac5372fc2ab94.png,GRSQVR0W
e0742ee4af6b3fac79e1284d67bf83e72f00a3d4.png,0OJUBRX1
e0d2fa32aa688f861780fd4c0a4e51ed72be8b12.mp3,56N3GD9U
e0dd2fdf0ad423f50eb74186d16c81ca8aca21dc.png,REGH4IA4
e0e94d2654fc4bf3fc38691c7260e1b98dee3db9.mp3,HXRGC7UN
e0f96475f4bc7bed4d90ba61843847b5256d2446.png,X759DINN
e14a8f7b69f858a8a6136e7483123adad2d6fede.png,D307QS5J
e15a643eabbd69d7aa6ada4e76e8c8c2822e0fde.png,RZXBBPPS
e15d6d5b7fe9b34a5a59de72267561c488364235.mp3,05VLQ2Z2
e16bc64269c4c05115a6b398507591c5806521b8.mp3,DCOE3UCX
e16e2db08b53641a2f4ffb39199274d7f89edea8.mp3,ZW6N73YV
e1c652a71e49bf6fffbb21aed64f0163ad2c17dd.png,SQ98201B
e1f7f279e42445db4f5ca7f7bc78dc46d952e590.mp3,IGL5V290
e1fa30cc34b4b9626a5fd8607528554af96fd5dd.png,K7G0V9T2
e2208c60efc5fc46668a8ac2c4141e9952012d84.mp3,4QAF67QI
e237a81189ff227217a40388852d471edc370338.mp3,PZELNKLG
e2a3ca84cd0a54a87b56259464fa1a68bc8c5394.mp3,IQ00BRCQ
e2b97278a48dcc3391761da8ea0f46549c249c76.png,YMQRPK44
e2cffd089b2e6d65982e3511142116baf8a61ab5.png,JR1JBFCW
e2e775c4b35ee3d4d4e7c971c40a18894eb21051.png,3ROEMINN
e2f3cce88abb90a80342987f717bb6f891b30149.png,FQV0VFVO
e31667991f369b693f3466d2f8ac8079125ff485.mp3,9C1UTTLP
e33b14b918eb3ff8e821fbf7152a8f5adab1001d.mp3,RIGETILN
e3445aab58b8c35831d9093eb1f2862e53cab961.mp3,H0P140YC
e354a6f915a4342f1dafa0f7eb4f76ad2a96dd52.png,4DXYKNU4
e3575559bf5c290fccfab53e180f1b1943ff5414.mp3,JKU4UJBB
e39c9b35a85e80cd9a99cb8c7b4fa6207337b944.png,NX1XAEPL
e39e94b4366f5832dad2649640b2999c213809f0.png,X5NLPSIW
e3bcf92c8c9a6ce2e60786a0a0ce3fa2fab4a671.mp3,I5REAZOV
e3fe1bd3ab9cf404f0856687daafb5680e88a91c.png,MP02R84Z
e41b657bec269eafe5412aa9f94d2713345381a2.mp3,YMOPW31K
e438ea9deb8007c5a88009a012dd1cb35a94c030.mp3,9ABP9ED8
e4789c534481de994f8d6210166cd0060b7f6ab5.png,TTS9GQS6
e48cf0265b4803c9f5b6fa74a8fdb465fbdb76b2.png,B5QFJFTL
e4b2eabef28a43c12b516806d0ab6d7a7489917e.mp3,PZLF9XWS
e4b9df11f1541125dc232904c7039678c7e87c76.png,M7FV42RV
e5227fb55f0228c3dc39c0759c2449b682012e50.png,SI696UIR
e5b804170e85607d1768e4402ad0031e4bb153e8.mp3,VC74E6SI
e5d6a1f94e57763ebc43f8ccc7c6e5f7e27f9751.png,XJJNXABM
e61ea3372e18b96cd99336cb5dd1ea3a97e70238.png,4BJ3588M
e62c12e4fddbe5c08d96b5ff0d49fc1582d3d7e9.mp3,7THVIJM8
e62dcee485a9ac21627c4affe43527742e6349e1.mp3,60ICNQ47
e648ea9140017399c28081e579518119820bee4c.png,5AV6BV96
e66ea1aa7ab918718146acac3a705be54788a541.mp3,BDWLD9FQ
e6aa1ad6c47dc90a72b72200a1521a5ca4198741.png,OMLEJG7Z
e6b2a599b245950a3ec82f6b21c194b8820994f7.png,GUG0ROXJ
e6bae8d7e43c7518e202cd8743289ecaa99f89c8.png,0ZD99ND9
e6c8f078dd7089cad10cda88823cdd9231172e26.mp3,MG1YW1TX
e6f77299fb0ebdb7aff7cbbde5985287f99ad550.mp3,6YYYEWER
e730b5423a2e6ab67ac93a1ce46eb2086c0709d0.mp3,6VMVM1LH
e766eb2abbd474d17f95f5310cdc953775a8754b.png,U70TQUO8
e76d58d07599b4f2e37cf8751067c1a8d407dae0.png,UE50WR0Q
e789a10954505382aad0a7a8c40b245dfa7fd7f9.png,ZT3IDZQX
e79bceda485a7ca0eec888454197c9346735d87c.png,8ZS3I391
e7c0088aebcb4b2b94e0e7a8d806cec1106c9ce6.mp3,W9GMMJCE
e7cca55e35528285a646f4970f372a9ade7295a8.mp3,SSWYORV3
e7e40baa6475c17219721af4d83df80567a188d8.mp3,0OVSP07W
e805c09349fc4e307726e3dba55423df1be2477c.mp3,XSN4THHF
e82a9f289d0e1736bde6b6647ad59c727f92718c.mp3,VB44AFTC
e831bcf81a0b80fc0a1bf904ad3cf313c5a34d53.mp3,HWUUHXI0
e8bc884cd7652505db2d97ca55580d8858e2d8e9.mp3,G9XXOO4Q
e8c4503752bc3f53f66433951425935d5f1c5ebf.png,DV7DYTLI
e8e366a2e07ff06f04b28b7b65ece12c8f37ff40.png,8KL2S23S
e916d1ec0abebe95675a0b4e4853e5e23ebce4e4.png,YCT9F5TP
e982cc5d82d8b488dade9f2cca87628456be255b.mp3,895VVIB9
e9d0c05ea2a63c3a58f186735b0ffe996ae875fb.mp3,Q2KKAE06
ea03c3976e261f4ddc7c625406aef681ed962598.mp3,7DNQEBZM
ea558e9c602fa17905cf49c9aa61189564d70dc6.png,ZM9UB965
ea5c2ea084fd7a27eb3c789154011b81ce1c508e.png,TLMYTDIU
eac1d13773dd9a394c6e2ac0b9727ceef696138a.png,K8ZKRULU
ead40037b3aa59b5d40689240531ec5046cfe02e.png,JR87RF4R
eadd9f73a86ff5a8f3adcc956a363964e04bc309.mp3,XK0SFIPY
eaea73884beb4aba6ebd86842684874627bcefa2.mp3,7IK4MJPT
eafcb670aca001e595ad4dcdf5678942b8eba3dd.mp3,1D5GTPYN
eafed8c83fec90214e85ec6ca866cc034e2cfd58.png,7C2X7PHY
eb1d79e408d49f281912a182ba7b6f7ec4b3febb.mp3,6L1BTUYC
eb3014e63c3ebc50a9dae9c94deb67cbf593bf13.mp3,6E0U8WRH
eb416ae6b80bfc1efe1e6134fde0d2649e7ebdef.png,2YBHLS3E
eb74cb7446e588097d3f59d45deedf59383535d7.mp3,0D7JY48T
eb8134d3590959142100ca9886cccd61d05d93da.mp3,BVH1I2M2
ebff4fb511eb5a571a08e991b6b77ffce587bd7d.mp3,CH7ZZ4A0
ec1fcf85331c706f265582c404957b0bb6ccc4e3.png,CT8YSG8A
ec23e17c2e93ddda0e30292c1476acf0c0941052.png,XRK88NYF
ec5590eb61c95c9786e1b8101af322169b6a0d21.mp3,MAN7PTA0
ec7153593761b96c28dd89035369f4e226492ab4.mp3,OBZ7M3VI
ec8f53edace679678c81c07b9a9179f3c3582251.png,FI19YM6M
ecf255945018d2e30a1863b89e7204ebdc6446be.mp3,JVWJFYPV
ed317bbb2deb1317ba7a500f9831b84edf2fba1e.mp3,MQM3JZ3Z
ed4d1a67ba96347b81fd502c177e8dca53833228.png,8PEX1O69
ed56a2eecac0e4b3f2c87687356a3ddc379b262c.png,Z7HAGNOB
ed7d48ba1d6b975f27ee1397c9c9575d149f22eb.png,U9NN6DB4
edcc442fdc3ad34a74a1c42767b8184a0d3a4ff1.png,OM0XPFY0
ee09c68d4e64988c9d6df40bfd126e290ef0df2e.mp3,3H21BQRG
ee0cb53b751c9a557d7371cf55b1945ebfc67a56.png,8525Y5KC
ee1128fb513f996bc564f80aa6f51915935dd0fb.png,ZCFJ7QNU
ee1d62bd9f99d40823e82f3d5d38459b64436103.png,LLCO0X3K
ee20a2ccb0b6c2e91837d78c4b9e877e599ae5bc.mp3,BJSOM7RT
ee69473c5a782a0448bf5f4d543c511dff60dd5c.png,GZEBB69Z
eea4de581b345ee54a6e4e198b95007e0a4b0ed4.png,PBY7FCQS
ef69ad4c2736e3327365a092124a64f3f4009af4.png,U68BEVU8
ef6f72004acb80cc2bf182c33add13ccf02da84c.mp3,IRW49TPL
ef9c6273f72773db820247134cd1b19e5cba3b27.mp3,7D5KOZ1I
efa1202bec30ca6fedde13fae58d39937e7db37d.png,ZIKPW7P2
efd301e0eaae5a69581edf470a3911432ccdb193.mp3,GUQ5LMP4
efef1e5350eea2d7f174883f8bba1ab91c892c07.mp3,FPJOH26P
f0783583af2fa57366bbd635860022ae1af5c0e0.png,PP7QYREM
f0a3b5cec631d63758dc1978fa6ff4a6d18c0b5b.mp3,XPYOCLO7
f0bafd6e02c36da4b2af395860ac00459c2308ac.png,MNRY7NFC
f112263b972ce67ab6df801d71adcddf69cc9edc.png,1P0UGT06
f12b56fef9557e6a87086f0c7cb245e7d1ae4e84.png,X7DIZEJ6
f15c637a463b31415937a98c245cf80ba12a5d5a.mp3,V1FHHI1M
f184a9d8c8352b35004eded6d1f429ca60b67d46.png,S4FMU2CD
f1a168c044dc910e9edfaf172c7831168a178b64.png,ZWK5P07P
f1a37e3eeffa847afc0913a0f3fe9f9cb18c567b.mp3,40GXUTAS
f1ae9e90b16592b46b72802b67addbc7d09aa2b3.mp3,8084Y2JX
f1d85cf3c5d4560b5e5bfa6baeb6ccdc0601b8d6.mp3,5UHBDB61
f1da7e2563714d4387e615cccb9bed4d3e89b12c.png,T3VWBRXR
f1dac0868d30ba06bf3af72c0ba5c56af64e796e.png,0X65PQA6
f201e5d7d85abc1d0dfa5dade2ba850989eb037c.png,3LSJ21CG
f27746b8e74b10fbe051875ae8fc07591409ce06.mp3,R9PZDKH2
f27a342e95bc4bb7a9ab120ce34e64c794efaa45.png,YSLXQ5HI
f2acef3352b6b3e77d5a801c9f9104e808683425.mp3,3Z5814DZ
f2c449c82477e120d5977da4278e359fda27e50c.mp3,SBNEZKM5
f32f1d79306f92f0830358b430b888ae4a860924.mp3,H2IO81EH
f382c01beab258c908d392c886bd6aa876ea93bf.mp3,JFIO8L7J
f3c1faa147311166037d5e42a0b24ca5ba1d3204.png,RNZYMP1V
f3d6d1b4363daf41e54c4c9fb704bee7f504038f.mp3,87MBKNN7
f3dee544407a9e46abfb253fbb3c47c6b610c96e.mp3,P6GRHE8L
f3ef9c8dd69e5b5a36588d756f2b8ac32741d12c.png,8YQOQPIV
f3fde19a0996d4a062346c8491eac293b0153583.mp3,TBE8TEIR
f40224ae8d34d267e5b02ef7b81729fc3d7616f3.png,W6XDFZ2H
f40353f7444c40d7daf85a41531121a5d7175a33.png,D7AQQ3AF
f4157504ca4a5fdaf35376f40db4ebdc0590fac0.mp3,HTJFXUQF
f47109e78f97dbe2581252766146e74aad636697.mp3,WWT3JYOG
f4b84e6daef6d6eb904c272bb880b907e3f0da21.mp3,3F0CYEVU
f4f17db353eebfe8f7b30fb58342c0955984cafd.png,6KTRNPO2
f4f430aeb920fc5a7bca387802e7f1faa6643013.mp3,QRBN12FJ
f510c0560ff9e8b29e516f10de488ca34aad9497.mp3,M45NMBMG
f535d6aa2d5d0447f7776e3e489cc910928b1b35.mp3,F6E52BEC
f578a2fef1496a4147b9fdb1052b83dc33642383.png,SS0S9A19
f57aaef2804c202fc530457c7b1aee53b4c54b00.mp3,3X07R6JR
f5a32ca3977d07cf48527305ee731c52d5dcc214.mp3,BHHTB6ZG
f5aab288790312d08c177225970caaff6ae46fe8.mp3,GEAEFAAI
f5b26dfd9808af8a06f7a15e7e8f505f8fd7c462.mp3,B2TA9V5M
f5fbdedb2fe5ecc08e3d1c115ce27ed156995d0c.png,5F5FQCOH
f601a33e8079010e77d5f03323122324b9f89b2b.png,BKGKK8TD
f60dd1a5c1143ddf1f17b55f72a245ee0201c6cc.mp3,31NMXOSV
f614307528786b0303e77511c50c5d3dbb95f599.mp3,VNONYEGB
f61566b0fdd990d0abf25234d650c23e550e237c.png,OMM6WEO1
f64dbdb69bb49246d24548dc4b95b05caa65a172.png,SOZCNAUK
f6795960fd290137567f97dc7f738cfc17a035a7.png,RVEGLT66
f694a0c9d20d06a6bf914395cb85bdc7afe84aea.png,UW4RE8XU
f6a4eb83877d69817fe4065d2c5705f186acdca0.mp3,NOTYWDM6
f6b970b1aa753d02dfdd94252443122f1fad4511.png,9MTLZ8IZ
f6dc991f4c12e7d101dfbcd917b3da37bf09407b.png,PJS10AWY
f774e807b0e11a137383243f772be113a8cc863f.mp3,BOL0T5FV
f7e53b1de752f4cca8c8db00ff883284b831cf99.mp3,5AZEOQQR
f7eacf00fd1390524d082cf9c20d704ec050aa29.mp3,0Q7LRNG0
f80002e93c2c11a65ec9f504dc7fe5994fa7210d.mp3,FO2KZJVI
f82626b7464d7f60d8cb3138cfa767c2d8574714.png,WR3IZMF3
f83973cb2a3458901fbff7c75df4fa5bb71a65a0.mp3,S5AAECFP
f8bff9e6d5a04af9cb6567c8c481c5c8a34e80f8.png,QC2QBR4Q
f8cf9751fe65397b205510454c38548cbc6af181.png,6ASI8UX3
f93b08c618684c82f360969276a02eae72a222a4.png,UTJZD1FP
f9652bde7e00525b40f76241982b7817649783f0.png,LYEF4HA1
f98ec289741720c687996ec771ffe146fd04df5f.mp3,JX2XXMHM
f9989fe35f6d6293bdda0559619d0e0a594d10aa.png,2BUHH3EF
f9de5e5e854b96868ac71942572e56079bbbd15a.mp3,897AGX92
fa1ea13b49fdf1c35a8fe7386e876c21f1cba30c.mp3,7VDZSYSP
fa3a0289b714c53f3349e07ee4604e5e102a35fc.png,ZLAKV1L0
fa5deb7567e00335d501398923c253d6f7f5066f.mp3,FP9TKSFF
fa7d95e6d4355ee45802ba169ce95a60e708088c.mp3,2YHRC1UM
fa966adeed96497dcc249cb8c2aa72611a83ad86.png,7AV1EIR4
faddf1c7604c02fbfe1740f168adccc4591272c5.mp3,4MWY31XH
fafa8925942cdf4c34171d7c1e1f5087494fd926.png,HHGJXO88
fb28f21c6c023243f4414fa701032b3706da5ba9.png,8GM0QGSZ
fb8ea2b9d899cc5e464da3f91e8fee9773601b29.png,6TWV6S5S
fbd2899732769c7662376daab4509ee9950abe01.mp3,SSZUMGGR
fc2dbe420e5e667df9714f93dbe124d15cf43005.png,WXLT5482
fcb3e423173050af325e9aedb8bc94d0f3c1c066.png,VCAEG26D
fce61f7f4c578efbfb201b926f96171bd0cd0170.png,8J09OCF3
fd3de219a5cc6978063a5981d042e7ff53cff8c1.png,XQ46N1AV
fd81d9dee3d819465f77c37ebd9330df5292a988.mp3,VS4DD8I0
fdeb1ee69427a662e547bf3a9820e80e44c6e99e.png,Z6JMS3RW
fe118d196b4631c5ca3a114b56089cbd3ffed1fb.png,4MNQ2A5I
fe40d8b98bfed30fcf4d8651093d8b8e945d08fa.png,1OYOMC5D
feb59b4bca4ccaa333f928d232ba5d79e3954d0e.png,4A6VE8RD
ff0453710ab8e2b75d7812b4ba7dd925c41808c5.mp3,JNW048W6
ff184954c2703f3ecbc63a21ed0fae470f366c21.mp3,Q22TLWZT
ff249c4fc1b0d5feebb0d5136fa4a2b8972479b1.mp3,GCFRRZ12
ff63805c111d8f11d15be3baa03e47722b609769.mp3,CRESZ88D
ffbd1b7f0ff2742843beee446f2215f31311fa84.png,UR217W8H
ffe280923e1afbdd9d668435912ff8e5b7c04332.png,A6U172J5
